session_id,pattern,t,x,vx,input_left,input_right
noisy_sine_005,noisy_sine,0.0,126.285,0.0,0,1
noisy_sine_005,noisy_sine,0.01667,127.785,90.0,0,1
noisy_sine_005,noisy_sine,0.03333,129.285,90.0,0,1
noisy_sine_005,noisy_sine,0.05,130.785,90.0,0,1
noisy_sine_005,noisy_sine,0.06667,132.285,90.0,0,1
noisy_sine_005,noisy_sine,0.08333,133.785,90.0,0,1
noisy_sine_005,noisy_sine,0.1,135.285,90.0,0,1
noisy_sine_005,noisy_sine,0.11667,136.785,90.0,0,1
noisy_sine_005,noisy_sine,0.13333,138.285,90.0,0,1
noisy_sine_005,noisy_sine,0.15,139.785,90.0,0,1
noisy_sine_005,noisy_sine,0.16667,141.285,90.0,0,1
noisy_sine_005,noisy_sine,0.18333,142.785,90.0,0,1
noisy_sine_005,noisy_sine,0.2,144.285,90.0,0,1
noisy_sine_005,noisy_sine,0.21667,145.785,90.0,0,1
noisy_sine_005,noisy_sine,0.23333,147.285,90.0,0,1
noisy_sine_005,noisy_sine,0.25,148.785,90.0,0,1
noisy_sine_005,noisy_sine,0.26667,150.285,90.0,0,1
noisy_sine_005,noisy_sine,0.28333,151.785,90.0,0,1
noisy_sine_005,noisy_sine,0.3,153.285,90.0,0,1
noisy_sine_005,noisy_sine,0.31667,154.785,90.0,0,1
noisy_sine_005,noisy_sine,0.33333,156.285,90.0,0,1
noisy_sine_005,noisy_sine,0.35,157.785,90.0,0,1
noisy_sine_005,noisy_sine,0.36667,159.285,90.0,0,1
noisy_sine_005,noisy_sine,0.38333,160.785,90.0,0,1
noisy_sine_005,noisy_sine,0.4,162.285,90.0,0,1
noisy_sine_005,noisy_sine,0.41667,163.785,90.0,0,0
noisy_sine_005,noisy_sine,0.43333,163.785,0.0,0,0
noisy_sine_005,noisy_sine,0.45,163.785,0.0,0,0
noisy_sine_005,noisy_sine,0.46667,163.785,0.0,0,0
noisy_sine_005,noisy_sine,0.48333,163.785,0.0,0,1
noisy_sine_005,noisy_sine,0.5,165.285,90.0,0,1
noisy_sine_005,noisy_sine,0.51667,166.785,90.0,0,0
noisy_sine_005,noisy_sine,0.53333,166.785,0.0,0,0
noisy_sine_005,noisy_sine,0.55,166.785,0.0,0,0
noisy_sine_005,noisy_sine,0.56667,166.785,0.0,0,0
noisy_sine_005,noisy_sine,0.58333,166.785,0.0,0,0
noisy_sine_005,noisy_sine,0.6,166.785,0.0,0,0
noisy_sine_005,noisy_sine,0.61667,166.785,0.0,0,0
noisy_sine_005,noisy_sine,0.63333,166.785,0.0,0,0
noisy_sine_005,noisy_sine,0.65,166.785,0.0,0,0
noisy_sine_005,noisy_sine,0.66667,166.785,0.0,0,0
noisy_sine_005,noisy_sine,0.68333,166.785,0.0,0,0
noisy_sine_005,noisy_sine,0.7,166.785,0.0,0,0
noisy_sine_005,noisy_sine,0.71667,166.785,0.0,0,0
noisy_sine_005,noisy_sine,0.73333,166.785,0.0,0,0
noisy_sine_005,noisy_sine,0.75,166.785,0.0,0,0
noisy_sine_005,noisy_sine,0.76667,166.785,0.0,0,0
noisy_sine_005,noisy_sine,0.78333,166.785,0.0,0,1
noisy_sine_005,noisy_sine,0.8,168.285,90.0,1,0
noisy_sine_005,noisy_sine,0.81667,166.785,-90.0,1,0
noisy_sine_005,noisy_sine,0.83333,165.285,-90.0,1,0
noisy_sine_005,noisy_sine,0.85,163.785,-90.0,0,0
noisy_sine_005,noisy_sine,0.86667,163.785,0.0,0,0
noisy_sine_005,noisy_sine,0.88333,163.785,0.0,0,0
noisy_sine_005,noisy_sine,0.9,163.785,0.0,0,0
noisy_sine_005,noisy_sine,0.91667,163.785,0.0,0,0
noisy_sine_005,noisy_sine,0.93333,163.785,0.0,1,0
noisy_sine_005,noisy_sine,0.95,162.285,-90.0,0,0
noisy_sine_005,noisy_sine,0.96667,162.285,0.0,0,0
noisy_sine_005,noisy_sine,0.98333,162.285,0.0,0,0
noisy_sine_005,noisy_sine,1.0,162.285,0.0,1,0
noisy_sine_005,noisy_sine,1.01667,160.785,-90.0,0,0
noisy_sine_005,noisy_sine,1.03333,160.785,0.0,0,0
noisy_sine_005,noisy_sine,1.05,160.785,0.0,1,0
noisy_sine_005,noisy_sine,1.06667,159.285,-90.0,0,0
noisy_sine_005,noisy_sine,1.08333,159.285,0.0,0,0
noisy_sine_005,noisy_sine,1.1,159.285,0.0,1,0
noisy_sine_005,noisy_sine,1.11667,157.785,-90.0,0,0
noisy_sine_005,noisy_sine,1.13333,157.785,0.0,0,0
noisy_sine_005,noisy_sine,1.15,157.785,0.0,1,0
noisy_sine_005,noisy_sine,1.16667,156.285,-90.0,0,0
noisy_sine_005,noisy_sine,1.18333,156.285,0.0,1,0
noisy_sine_005,noisy_sine,1.2,154.785,-90.0,0,0
noisy_sine_005,noisy_sine,1.21667,154.785,0.0,0,0
noisy_sine_005,noisy_sine,1.23333,154.785,0.0,1,0
noisy_sine_005,noisy_sine,1.25,153.285,-90.0,0,0
noisy_sine_005,noisy_sine,1.26667,153.285,0.0,1,0
noisy_sine_005,noisy_sine,1.28333,151.785,-90.0,0,0
noisy_sine_005,noisy_sine,1.3,151.785,0.0,0,0
noisy_sine_005,noisy_sine,1.31667,151.785,0.0,1,0
noisy_sine_005,noisy_sine,1.33333,150.285,-90.0,0,0
noisy_sine_005,noisy_sine,1.35,150.285,0.0,1,0
noisy_sine_005,noisy_sine,1.36667,148.785,-90.0,0,0
noisy_sine_005,noisy_sine,1.38333,148.785,0.0,0,0
noisy_sine_005,noisy_sine,1.4,148.785,0.0,1,0
noisy_sine_005,noisy_sine,1.41667,147.285,-90.0,0,0
noisy_sine_005,noisy_sine,1.43333,147.285,0.0,1,0
noisy_sine_005,noisy_sine,1.45,145.785,-90.0,0,0
noisy_sine_005,noisy_sine,1.46667,145.785,0.0,1,0
noisy_sine_005,noisy_sine,1.48333,144.285,-90.0,0,0
noisy_sine_005,noisy_sine,1.5,144.285,0.0,1,0
noisy_sine_005,noisy_sine,1.51667,142.785,-90.0,0,0
noisy_sine_005,noisy_sine,1.53333,142.785,0.0,1,0
noisy_sine_005,noisy_sine,1.55,141.285,-90.0,0,0
noisy_sine_005,noisy_sine,1.56667,141.285,0.0,1,0
noisy_sine_005,noisy_sine,1.58333,139.785,-90.0,0,0
noisy_sine_005,noisy_sine,1.6,139.785,0.0,1,0
noisy_sine_005,noisy_sine,1.61667,138.285,-90.0,0,0
noisy_sine_005,noisy_sine,1.63333,138.285,0.0,1,0
noisy_sine_005,noisy_sine,1.65,136.785,-90.0,0,0
noisy_sine_005,noisy_sine,1.66667,136.785,0.0,1,0
noisy_sine_005,noisy_sine,1.68333,135.285,-90.0,0,0
noisy_sine_005,noisy_sine,1.7,135.285,0.0,1,0
noisy_sine_005,noisy_sine,1.71667,133.785,-90.0,0,0
noisy_sine_005,noisy_sine,1.73333,133.785,0.0,1,0
noisy_sine_005,noisy_sine,1.75,132.285,-90.0,0,1
noisy_sine_005,noisy_sine,1.76667,133.785,90.0,1,0
noisy_sine_005,noisy_sine,1.78333,132.285,-90.0,1,0
noisy_sine_005,noisy_sine,1.8,130.785,-90.0,1,0
noisy_sine_005,noisy_sine,1.81667,129.285,-90.0,0,0
noisy_sine_005,noisy_sine,1.83333,129.285,0.0,1,0
noisy_sine_005,noisy_sine,1.85,127.785,-90.0,1,0
noisy_sine_005,noisy_sine,1.86667,126.285,-90.0,0,0
noisy_sine_005,noisy_sine,1.88333,126.285,0.0,1,0
noisy_sine_005,noisy_sine,1.9,124.785,-90.0,0,0
noisy_sine_005,noisy_sine,1.91667,124.785,0.0,1,0
noisy_sine_005,noisy_sine,1.93333,123.285,-90.0,0,0
noisy_sine_005,noisy_sine,1.95,123.285,0.0,1,0
noisy_sine_005,noisy_sine,1.96667,121.785,-90.0,0,0
noisy_sine_005,noisy_sine,1.98333,121.785,0.0,1,0
noisy_sine_005,noisy_sine,2.0,120.285,-90.0,1,0
noisy_sine_005,noisy_sine,2.01667,118.785,-90.0,0,0
noisy_sine_005,noisy_sine,2.03333,118.785,0.0,1,0
noisy_sine_005,noisy_sine,2.05,117.285,-90.0,0,0
noisy_sine_005,noisy_sine,2.06667,117.285,0.0,1,0
noisy_sine_005,noisy_sine,2.08333,115.785,-90.0,0,0
noisy_sine_005,noisy_sine,2.1,115.785,0.0,1,0
noisy_sine_005,noisy_sine,2.11667,114.285,-90.0,1,0
noisy_sine_005,noisy_sine,2.13333,112.785,-90.0,0,0
noisy_sine_005,noisy_sine,2.15,112.785,0.0,1,0
noisy_sine_005,noisy_sine,2.16667,111.285,-90.0,0,0
noisy_sine_005,noisy_sine,2.18333,111.285,0.0,1,0
noisy_sine_005,noisy_sine,2.2,109.785,-90.0,0,0
noisy_sine_005,noisy_sine,2.21667,109.785,0.0,1,0
noisy_sine_005,noisy_sine,2.23333,108.285,-90.0,1,0
noisy_sine_005,noisy_sine,2.25,106.785,-90.0,0,0
noisy_sine_005,noisy_sine,2.26667,106.785,0.0,1,0
noisy_sine_005,noisy_sine,2.28333,105.285,-90.0,0,0
noisy_sine_005,noisy_sine,2.3,105.285,0.0,1,0
noisy_sine_005,noisy_sine,2.31667,103.785,-90.0,1,0
noisy_sine_005,noisy_sine,2.33333,102.285,-90.0,0,0
noisy_sine_005,noisy_sine,2.35,102.285,0.0,1,0
noisy_sine_005,noisy_sine,2.36667,100.785,-90.0,0,0
noisy_sine_005,noisy_sine,2.38333,100.785,0.0,1,0
noisy_sine_005,noisy_sine,2.4,99.285,-90.0,0,0
noisy_sine_005,noisy_sine,2.41667,99.285,0.0,1,0
noisy_sine_005,noisy_sine,2.43333,97.785,-90.0,1,0
noisy_sine_005,noisy_sine,2.45,96.285,-90.0,0,0
noisy_sine_005,noisy_sine,2.46667,96.285,0.0,1,0
noisy_sine_005,noisy_sine,2.48333,94.785,-90.0,1,0
noisy_sine_005,noisy_sine,2.5,93.285,-90.0,0,0
noisy_sine_005,noisy_sine,2.51667,93.285,0.0,0,0
noisy_sine_005,noisy_sine,2.53333,93.285,0.0,1,0
noisy_sine_005,noisy_sine,2.55,91.785,-90.0,1,0
noisy_sine_005,noisy_sine,2.56667,90.285,-90.0,0,0
noisy_sine_005,noisy_sine,2.58333,90.285,0.0,1,0
noisy_sine_005,noisy_sine,2.6,88.785,-90.0,0,0
noisy_sine_005,noisy_sine,2.61667,88.785,0.0,1,0
noisy_sine_005,noisy_sine,2.63333,87.285,-90.0,0,0
noisy_sine_005,noisy_sine,2.65,87.285,0.0,1,0
noisy_sine_005,noisy_sine,2.66667,85.785,-90.0,1,0
noisy_sine_005,noisy_sine,2.68333,84.285,-90.0,0,0
noisy_sine_005,noisy_sine,2.7,84.285,0.0,0,0
noisy_sine_005,noisy_sine,2.71667,84.285,0.0,1,0
noisy_sine_005,noisy_sine,2.73333,82.785,-90.0,1,0
noisy_sine_005,noisy_sine,2.75,81.285,-90.0,0,0
noisy_sine_005,noisy_sine,2.76667,81.285,0.0,1,0
noisy_sine_005,noisy_sine,2.78333,79.785,-90.0,0,0
noisy_sine_005,noisy_sine,2.8,79.785,0.0,1,0
noisy_sine_005,noisy_sine,2.81667,78.285,-90.0,0,0
noisy_sine_005,noisy_sine,2.83333,78.285,0.0,1,0
noisy_sine_005,noisy_sine,2.85,76.785,-90.0,0,0
noisy_sine_005,noisy_sine,2.86667,76.785,0.0,1,0
noisy_sine_005,noisy_sine,2.88333,75.285,-90.0,1,0
noisy_sine_005,noisy_sine,2.9,73.785,-90.0,0,0
noisy_sine_005,noisy_sine,2.91667,73.785,0.0,0,1
noisy_sine_005,noisy_sine,2.93333,75.285,90.0,1,0
noisy_sine_005,noisy_sine,2.95,73.785,-90.0,1,0
noisy_sine_005,noisy_sine,2.96667,72.285,-90.0,1,0
noisy_sine_005,noisy_sine,2.98333,70.785,-90.0,1,0
noisy_sine_005,noisy_sine,3.0,69.285,-90.0,0,0
noisy_sine_005,noisy_sine,3.01667,69.285,0.0,1,0
noisy_sine_005,noisy_sine,3.03333,67.785,-90.0,0,0
noisy_sine_005,noisy_sine,3.05,67.785,0.0,0,0
noisy_sine_005,noisy_sine,3.06667,67.785,0.0,1,0
noisy_sine_005,noisy_sine,3.08333,66.285,-90.0,0,0
noisy_sine_005,noisy_sine,3.1,66.285,0.0,1,0
noisy_sine_005,noisy_sine,3.11667,64.785,-90.0,0,0
noisy_sine_005,noisy_sine,3.13333,64.785,0.0,0,0
noisy_sine_005,noisy_sine,3.15,64.785,0.0,1,0
noisy_sine_005,noisy_sine,3.16667,63.285,-90.0,1,0
noisy_sine_005,noisy_sine,3.18333,61.785,-90.0,0,0
noisy_sine_005,noisy_sine,3.2,61.785,0.0,1,0
noisy_sine_005,noisy_sine,3.21667,60.285,-90.0,0,0
noisy_sine_005,noisy_sine,3.23333,60.285,0.0,0,0
noisy_sine_005,noisy_sine,3.25,60.285,0.0,1,0
noisy_sine_005,noisy_sine,3.26667,58.785,-90.0,0,0
noisy_sine_005,noisy_sine,3.28333,58.785,0.0,1,0
noisy_sine_005,noisy_sine,3.3,57.285,-90.0,0,1
noisy_sine_005,noisy_sine,3.31667,58.785,90.0,1,0
noisy_sine_005,noisy_sine,3.33333,57.285,-90.0,1,0
noisy_sine_005,noisy_sine,3.35,55.785,-90.0,0,0
noisy_sine_005,noisy_sine,3.36667,55.785,0.0,1,0
noisy_sine_005,noisy_sine,3.38333,54.285,-90.0,0,0
noisy_sine_005,noisy_sine,3.4,54.285,0.0,0,0
noisy_sine_005,noisy_sine,3.41667,54.285,0.0,1,0
noisy_sine_005,noisy_sine,3.43333,52.785,-90.0,0,0
noisy_sine_005,noisy_sine,3.45,52.785,0.0,0,0
noisy_sine_005,noisy_sine,3.46667,52.785,0.0,1,0
noisy_sine_005,noisy_sine,3.48333,51.285,-90.0,0,0
noisy_sine_005,noisy_sine,3.5,51.285,0.0,0,0
noisy_sine_005,noisy_sine,3.51667,51.285,0.0,1,0
noisy_sine_005,noisy_sine,3.53333,49.785,-90.0,0,0
noisy_sine_005,noisy_sine,3.55,49.785,0.0,0,0
noisy_sine_005,noisy_sine,3.56667,49.785,0.0,1,0
noisy_sine_005,noisy_sine,3.58333,48.285,-90.0,0,0
noisy_sine_005,noisy_sine,3.6,48.285,0.0,0,0
noisy_sine_005,noisy_sine,3.61667,48.285,0.0,0,0
noisy_sine_005,noisy_sine,3.63333,48.285,0.0,1,0
noisy_sine_005,noisy_sine,3.65,46.785,-90.0,0,0
noisy_sine_005,noisy_sine,3.66667,46.785,0.0,0,0
noisy_sine_005,noisy_sine,3.68333,46.785,0.0,1,0
noisy_sine_005,noisy_sine,3.7,45.285,-90.0,0,1
noisy_sine_005,noisy_sine,3.71667,46.785,90.0,0,1
noisy_sine_005,noisy_sine,3.73333,48.285,90.0,1,0
noisy_sine_005,noisy_sine,3.75,46.785,-90.0,1,0
noisy_sine_005,noisy_sine,3.76667,45.285,-90.0,1,0
noisy_sine_005,noisy_sine,3.78333,43.785,-90.0,0,0
noisy_sine_005,noisy_sine,3.8,43.785,0.0,0,0
noisy_sine_005,noisy_sine,3.81667,43.785,0.0,0,0
noisy_sine_005,noisy_sine,3.83333,43.785,0.0,1,0
noisy_sine_005,noisy_sine,3.85,42.285,-90.0,0,0
noisy_sine_005,noisy_sine,3.86667,42.285,0.0,0,0
noisy_sine_005,noisy_sine,3.88333,42.285,0.0,0,0
noisy_sine_005,noisy_sine,3.9,42.285,0.0,0,0
noisy_sine_005,noisy_sine,3.91667,42.285,0.0,0,0
noisy_sine_005,noisy_sine,3.93333,42.285,0.0,1,0
noisy_sine_005,noisy_sine,3.95,40.785,-90.0,0,0
noisy_sine_005,noisy_sine,3.96667,40.785,0.0,0,0
noisy_sine_005,noisy_sine,3.98333,40.785,0.0,0,0
noisy_sine_005,noisy_sine,4.0,40.785,0.0,0,0
noisy_sine_005,noisy_sine,4.01667,40.785,0.0,0,0
noisy_sine_005,noisy_sine,4.03333,40.785,0.0,0,0
noisy_sine_005,noisy_sine,4.05,40.785,0.0,0,0
noisy_sine_005,noisy_sine,4.06667,40.785,0.0,0,0
noisy_sine_005,noisy_sine,4.08333,40.785,0.0,1,0
noisy_sine_005,noisy_sine,4.1,39.285,-90.0,0,0
noisy_sine_005,noisy_sine,4.11667,39.285,0.0,0,0
noisy_sine_005,noisy_sine,4.13333,39.285,0.0,0,0
noisy_sine_005,noisy_sine,4.15,39.285,0.0,0,0
noisy_sine_005,noisy_sine,4.16667,39.285,0.0,0,0
noisy_sine_005,noisy_sine,4.18333,39.285,0.0,0,0
noisy_sine_005,noisy_sine,4.2,39.285,0.0,0,0
noisy_sine_005,noisy_sine,4.21667,39.285,0.0,0,0
noisy_sine_005,noisy_sine,4.23333,39.285,0.0,0,0
noisy_sine_005,noisy_sine,4.25,39.285,0.0,0,0
noisy_sine_005,noisy_sine,4.26667,39.285,0.0,0,0
noisy_sine_005,noisy_sine,4.28333,39.285,0.0,0,0
noisy_sine_005,noisy_sine,4.3,39.285,0.0,0,0
noisy_sine_005,noisy_sine,4.31667,39.285,0.0,0,0
noisy_sine_005,noisy_sine,4.33333,39.285,0.0,0,1
noisy_sine_005,noisy_sine,4.35,40.785,90.0,1,0
noisy_sine_005,noisy_sine,4.36667,39.285,-90.0,0,0
noisy_sine_005,noisy_sine,4.38333,39.285,0.0,0,0
noisy_sine_005,noisy_sine,4.4,39.285,0.0,0,0
noisy_sine_005,noisy_sine,4.41667,39.285,0.0,0,0
noisy_sine_005,noisy_sine,4.43333,39.285,0.0,0,0
noisy_sine_005,noisy_sine,4.45,39.285,0.0,0,0
noisy_sine_005,noisy_sine,4.46667,39.285,0.0,0,0
noisy_sine_005,noisy_sine,4.48333,39.285,0.0,0,0
noisy_sine_005,noisy_sine,4.5,39.285,0.0,0,0
noisy_sine_005,noisy_sine,4.51667,39.285,0.0,0,0
noisy_sine_005,noisy_sine,4.53333,39.285,0.0,0,0
noisy_sine_005,noisy_sine,4.55,39.285,0.0,0,0
noisy_sine_005,noisy_sine,4.56667,39.285,0.0,0,0
noisy_sine_005,noisy_sine,4.58333,39.285,0.0,0,0
noisy_sine_005,noisy_sine,4.6,39.285,0.0,0,0
noisy_sine_005,noisy_sine,4.61667,39.285,0.0,0,0
noisy_sine_005,noisy_sine,4.63333,39.285,0.0,0,0
noisy_sine_005,noisy_sine,4.65,39.285,0.0,0,0
noisy_sine_005,noisy_sine,4.66667,39.285,0.0,0,0
noisy_sine_005,noisy_sine,4.68333,39.285,0.0,0,0
noisy_sine_005,noisy_sine,4.7,39.285,0.0,0,0
noisy_sine_005,noisy_sine,4.71667,39.285,0.0,0,0
noisy_sine_005,noisy_sine,4.73333,39.285,0.0,0,1
noisy_sine_005,noisy_sine,4.75,40.785,90.0,1,0
noisy_sine_005,noisy_sine,4.76667,39.285,-90.0,0,0
noisy_sine_005,noisy_sine,4.78333,39.285,0.0,0,0
noisy_sine_005,noisy_sine,4.8,39.285,0.0,0,0
noisy_sine_005,noisy_sine,4.81667,39.285,0.0,0,0
noisy_sine_005,noisy_sine,4.83333,39.285,0.0,0,0
noisy_sine_005,noisy_sine,4.85,39.285,0.0,0,1
noisy_sine_005,noisy_sine,4.86667,40.785,90.0,0,0
noisy_sine_005,noisy_sine,4.88333,40.785,0.0,0,0
noisy_sine_005,noisy_sine,4.9,40.785,0.0,0,1
noisy_sine_005,noisy_sine,4.91667,42.285,90.0,0,0
noisy_sine_005,noisy_sine,4.93333,42.285,0.0,0,0
noisy_sine_005,noisy_sine,4.95,42.285,0.0,0,1
noisy_sine_005,noisy_sine,4.96667,43.785,90.0,0,0
noisy_sine_005,noisy_sine,4.98333,43.785,0.0,0,0
noisy_sine_005,noisy_sine,5.0,43.785,0.0,0,0
noisy_sine_005,noisy_sine,5.01667,43.785,0.0,0,1
noisy_sine_005,noisy_sine,5.03333,45.285,90.0,0,0
noisy_sine_005,noisy_sine,5.05,45.285,0.0,0,0
noisy_sine_005,noisy_sine,5.06667,45.285,0.0,0,1
noisy_sine_005,noisy_sine,5.08333,46.785,90.0,0,0
noisy_sine_005,noisy_sine,5.1,46.785,0.0,0,1
noisy_sine_005,noisy_sine,5.11667,48.285,90.0,0,0
noisy_sine_005,noisy_sine,5.13333,48.285,0.0,0,0
noisy_sine_005,noisy_sine,5.15,48.285,0.0,0,1
noisy_sine_005,noisy_sine,5.16667,49.785,90.0,0,0
noisy_sine_005,noisy_sine,5.18333,49.785,0.0,0,0
noisy_sine_005,noisy_sine,5.2,49.785,0.0,0,1
noisy_sine_005,noisy_sine,5.21667,51.285,90.0,0,0
noisy_sine_005,noisy_sine,5.23333,51.285,0.0,0,1
noisy_sine_005,noisy_sine,5.25,52.785,90.0,0,0
noisy_sine_005,noisy_sine,5.26667,52.785,0.0,0,0
noisy_sine_005,noisy_sine,5.28333,52.785,0.0,0,1
noisy_sine_005,noisy_sine,5.3,54.285,90.0,0,0
noisy_sine_005,noisy_sine,5.31667,54.285,0.0,0,1
noisy_sine_005,noisy_sine,5.33333,55.785,90.0,0,0
noisy_sine_005,noisy_sine,5.35,55.785,0.0,0,1
noisy_sine_005,noisy_sine,5.36667,57.285,90.0,0,0
noisy_sine_005,noisy_sine,5.38333,57.285,0.0,0,0
noisy_sine_005,noisy_sine,5.4,57.285,0.0,0,1
noisy_sine_005,noisy_sine,5.41667,58.785,90.0,0,1
noisy_sine_005,noisy_sine,5.43333,60.285,90.0,0,0
noisy_sine_005,noisy_sine,5.45,60.285,0.0,0,0
noisy_sine_005,noisy_sine,5.46667,60.285,0.0,0,1
noisy_sine_005,noisy_sine,5.48333,61.785,90.0,0,0
noisy_sine_005,noisy_sine,5.5,61.785,0.0,0,1
noisy_sine_005,noisy_sine,5.51667,63.285,90.0,0,0
noisy_sine_005,noisy_sine,5.53333,63.285,0.0,0,1
noisy_sine_005,noisy_sine,5.55,64.785,90.0,0,0
noisy_sine_005,noisy_sine,5.56667,64.785,0.0,0,1
noisy_sine_005,noisy_sine,5.58333,66.285,90.0,0,0
noisy_sine_005,noisy_sine,5.6,66.285,0.0,0,1
noisy_sine_005,noisy_sine,5.61667,67.785,90.0,0,0
noisy_sine_005,noisy_sine,5.63333,67.785,0.0,0,1
noisy_sine_005,noisy_sine,5.65,69.285,90.0,0,0
noisy_sine_005,noisy_sine,5.66667,69.285,0.0,0,1
noisy_sine_005,noisy_sine,5.68333,70.785,90.0,0,1
noisy_sine_005,noisy_sine,5.7,72.285,90.0,0,0
noisy_sine_005,noisy_sine,5.71667,72.285,0.0,0,1
noisy_sine_005,noisy_sine,5.73333,73.785,90.0,0,0
noisy_sine_005,noisy_sine,5.75,73.785,0.0,0,1
noisy_sine_005,noisy_sine,5.76667,75.285,90.0,0,0
noisy_sine_005,noisy_sine,5.78333,75.285,0.0,0,1
noisy_sine_005,noisy_sine,5.8,76.785,90.0,0,0
noisy_sine_005,noisy_sine,5.81667,76.785,0.0,0,1
noisy_sine_005,noisy_sine,5.83333,78.285,90.0,0,0
noisy_sine_005,noisy_sine,5.85,78.285,0.0,0,1
noisy_sine_005,noisy_sine,5.86667,79.785,90.0,0,1
noisy_sine_005,noisy_sine,5.88333,81.285,90.0,0,0
noisy_sine_005,noisy_sine,5.9,81.285,0.0,0,1
noisy_sine_005,noisy_sine,5.91667,82.785,90.0,0,0
noisy_sine_005,noisy_sine,5.93333,82.785,0.0,0,1
noisy_sine_005,noisy_sine,5.95,84.285,90.0,0,0
noisy_sine_005,noisy_sine,5.96667,84.285,0.0,1,0
noisy_sine_005,noisy_sine,5.98333,82.785,-90.0,0,1
noisy_sine_005,noisy_sine,6.0,84.285,90.0,0,1
noisy_sine_005,noisy_sine,6.01667,85.785,90.0,0,1
noisy_sine_005,noisy_sine,6.03333,87.285,90.0,0,1
noisy_sine_005,noisy_sine,6.05,88.785,90.0,0,1
noisy_sine_005,noisy_sine,6.06667,90.285,90.0,0,0
noisy_sine_005,noisy_sine,6.08333,90.285,0.0,0,1
noisy_sine_005,noisy_sine,6.1,91.785,90.0,0,1
noisy_sine_005,noisy_sine,6.11667,93.285,90.0,0,0
noisy_sine_005,noisy_sine,6.13333,93.285,0.0,0,1
noisy_sine_005,noisy_sine,6.15,94.785,90.0,0,0
noisy_sine_005,noisy_sine,6.16667,94.785,0.0,0,1
noisy_sine_005,noisy_sine,6.18333,96.285,90.0,0,0
noisy_sine_005,noisy_sine,6.2,96.285,0.0,0,1
noisy_sine_005,noisy_sine,6.21667,97.785,90.0,0,1
noisy_sine_005,noisy_sine,6.23333,99.285,90.0,0,0
noisy_sine_005,noisy_sine,6.25,99.285,0.0,0,1
noisy_sine_005,noisy_sine,6.26667,100.785,90.0,0,0
noisy_sine_005,noisy_sine,6.28333,100.785,0.0,0,0
noisy_sine_005,noisy_sine,6.3,100.785,0.0,0,1
noisy_sine_005,noisy_sine,6.31667,102.285,90.0,0,1
noisy_sine_005,noisy_sine,6.33333,103.785,90.0,0,1
noisy_sine_005,noisy_sine,6.35,105.285,90.0,1,0
noisy_sine_005,noisy_sine,6.36667,103.785,-90.0,0,1
noisy_sine_005,noisy_sine,6.38333,105.285,90.0,0,1
noisy_sine_005,noisy_sine,6.4,106.785,90.0,0,1
noisy_sine_005,noisy_sine,6.41667,108.285,90.0,0,1
noisy_sine_005,noisy_sine,6.43333,109.785,90.0,0,0
noisy_sine_005,noisy_sine,6.45,109.785,0.0,1,0
noisy_sine_005,noisy_sine,6.46667,108.285,-90.0,0,1
noisy_sine_005,noisy_sine,6.48333,109.785,90.0,0,1
noisy_sine_005,noisy_sine,6.5,111.285,90.0,0,1
noisy_sine_005,noisy_sine,6.51667,112.785,90.0,0,1
noisy_sine_005,noisy_sine,6.53333,114.285,90.0,0,1
noisy_sine_005,noisy_sine,6.55,115.785,90.0,0,0
noisy_sine_005,noisy_sine,6.56667,115.785,0.0,0,1
noisy_sine_005,noisy_sine,6.58333,117.285,90.0,0,0
noisy_sine_005,noisy_sine,6.6,117.285,0.0,0,1
noisy_sine_005,noisy_sine,6.61667,118.785,90.0,0,0
noisy_sine_005,noisy_sine,6.63333,118.785,0.0,0,1
noisy_sine_005,noisy_sine,6.65,120.285,90.0,0,0
noisy_sine_005,noisy_sine,6.66667,120.285,0.0,0,1
noisy_sine_005,noisy_sine,6.68333,121.785,90.0,0,1
noisy_sine_005,noisy_sine,6.7,123.285,90.0,0,0
noisy_sine_005,noisy_sine,6.71667,123.285,0.0,0,1
noisy_sine_005,noisy_sine,6.73333,124.785,90.0,0,0
noisy_sine_005,noisy_sine,6.75,124.785,0.0,0,1
noisy_sine_005,noisy_sine,6.76667,126.285,90.0,0,0
noisy_sine_005,noisy_sine,6.78333,126.285,0.0,0,1
noisy_sine_005,noisy_sine,6.8,127.785,90.0,0,0
noisy_sine_005,noisy_sine,6.81667,127.785,0.0,0,1
noisy_sine_005,noisy_sine,6.83333,129.285,90.0,0,0
noisy_sine_005,noisy_sine,6.85,129.285,0.0,0,1
noisy_sine_005,noisy_sine,6.86667,130.785,90.0,0,0
noisy_sine_005,noisy_sine,6.88333,130.785,0.0,0,1
noisy_sine_005,noisy_sine,6.9,132.285,90.0,0,0
noisy_sine_005,noisy_sine,6.91667,132.285,0.0,0,1
noisy_sine_005,noisy_sine,6.93333,133.785,90.0,0,0
noisy_sine_005,noisy_sine,6.95,133.785,0.0,0,1
noisy_sine_005,noisy_sine,6.96667,135.285,90.0,0,0
noisy_sine_005,noisy_sine,6.98333,135.285,0.0,0,1
noisy_sine_005,noisy_sine,7.0,136.785,90.0,0,0
noisy_sine_005,noisy_sine,7.01667,136.785,0.0,0,1
noisy_sine_005,noisy_sine,7.03333,138.285,90.0,0,0
noisy_sine_005,noisy_sine,7.05,138.285,0.0,0,1
noisy_sine_005,noisy_sine,7.06667,139.785,90.0,0,0
noisy_sine_005,noisy_sine,7.08333,139.785,0.0,0,0
noisy_sine_005,noisy_sine,7.1,139.785,0.0,0,1
noisy_sine_005,noisy_sine,7.11667,141.285,90.0,0,0
noisy_sine_005,noisy_sine,7.13333,141.285,0.0,0,1
noisy_sine_005,noisy_sine,7.15,142.785,90.0,0,0
noisy_sine_005,noisy_sine,7.16667,142.785,0.0,0,1
noisy_sine_005,noisy_sine,7.18333,144.285,90.0,0,0
noisy_sine_005,noisy_sine,7.2,144.285,0.0,0,1
noisy_sine_005,noisy_sine,7.21667,145.785,90.0,0,0
noisy_sine_005,noisy_sine,7.23333,145.785,0.0,0,0
noisy_sine_005,noisy_sine,7.25,145.785,0.0,0,1
noisy_sine_005,noisy_sine,7.26667,147.285,90.0,0,0
noisy_sine_005,noisy_sine,7.28333,147.285,0.0,0,1
noisy_sine_005,noisy_sine,7.3,148.785,90.0,0,0
noisy_sine_005,noisy_sine,7.31667,148.785,0.0,0,0
noisy_sine_005,noisy_sine,7.33333,148.785,0.0,0,1
noisy_sine_005,noisy_sine,7.35,150.285,90.0,0,0
noisy_sine_005,noisy_sine,7.36667,150.285,0.0,0,0
noisy_sine_005,noisy_sine,7.38333,150.285,0.0,0,1
noisy_sine_005,noisy_sine,7.4,151.785,90.0,0,0
noisy_sine_005,noisy_sine,7.41667,151.785,0.0,0,0
noisy_sine_005,noisy_sine,7.43333,151.785,0.0,0,1
noisy_sine_005,noisy_sine,7.45,153.285,90.0,0,0
noisy_sine_005,noisy_sine,7.46667,153.285,0.0,0,0
noisy_sine_005,noisy_sine,7.48333,153.285,0.0,0,1
noisy_sine_005,noisy_sine,7.5,154.785,90.0,0,0
noisy_sine_005,noisy_sine,7.51667,154.785,0.0,0,0
noisy_sine_005,noisy_sine,7.53333,154.785,0.0,0,1
noisy_sine_005,noisy_sine,7.55,156.285,90.0,0,0
noisy_sine_005,noisy_sine,7.56667,156.285,0.0,0,0
noisy_sine_005,noisy_sine,7.58333,156.285,0.0,0,0
noisy_sine_005,noisy_sine,7.6,156.285,0.0,0,1
noisy_sine_005,noisy_sine,7.61667,157.785,90.0,0,0
noisy_sine_005,noisy_sine,7.63333,157.785,0.0,0,0
noisy_sine_005,noisy_sine,7.65,157.785,0.0,0,1
noisy_sine_005,noisy_sine,7.66667,159.285,90.0,0,0
noisy_sine_005,noisy_sine,7.68333,159.285,0.0,0,0
noisy_sine_005,noisy_sine,7.7,159.285,0.0,0,0
noisy_sine_005,noisy_sine,7.71667,159.285,0.0,0,1
noisy_sine_005,noisy_sine,7.73333,160.785,90.0,0,0
noisy_sine_005,noisy_sine,7.75,160.785,0.0,0,0
noisy_sine_005,noisy_sine,7.76667,160.785,0.0,0,0
noisy_sine_005,noisy_sine,7.78333,160.785,0.0,0,0
noisy_sine_005,noisy_sine,7.8,160.785,0.0,0,0
noisy_sine_005,noisy_sine,7.81667,160.785,0.0,0,1
noisy_sine_005,noisy_sine,7.83333,162.285,90.0,0,0
noisy_sine_005,noisy_sine,7.85,162.285,0.0,0,0
noisy_sine_005,noisy_sine,7.86667,162.285,0.0,0,0
noisy_sine_005,noisy_sine,7.88333,162.285,0.0,0,0
noisy_sine_005,noisy_sine,7.9,162.285,0.0,0,0
noisy_sine_005,noisy_sine,7.91667,162.285,0.0,0,0
noisy_sine_005,noisy_sine,7.93333,162.285,0.0,0,1
noisy_sine_005,noisy_sine,7.95,163.785,90.0,0,0
noisy_sine_005,noisy_sine,7.96667,163.785,0.0,0,0
noisy_sine_005,noisy_sine,7.98333,163.785,0.0,0,0
noisy_sine_005,noisy_sine,8.0,163.785,0.0,0,0
noisy_sine_005,noisy_sine,8.01667,163.785,0.0,0,0
noisy_sine_005,noisy_sine,8.03333,163.785,0.0,0,0
noisy_sine_005,noisy_sine,8.05,163.785,0.0,0,1
noisy_sine_005,noisy_sine,8.06667,165.285,90.0,0,0
noisy_sine_005,noisy_sine,8.08333,165.285,0.0,0,0
noisy_sine_005,noisy_sine,8.1,165.285,0.0,0,0
noisy_sine_005,noisy_sine,8.11667,165.285,0.0,0,0
noisy_sine_005,noisy_sine,8.13333,165.285,0.0,0,0
noisy_sine_005,noisy_sine,8.15,165.285,0.0,0,0
noisy_sine_005,noisy_sine,8.16667,165.285,0.0,0,0
noisy_sine_005,noisy_sine,8.18333,165.285,0.0,0,0
noisy_sine_005,noisy_sine,8.2,165.285,0.0,0,0
noisy_sine_005,noisy_sine,8.21667,165.285,0.0,0,0
noisy_sine_005,noisy_sine,8.23333,165.285,0.0,0,0
noisy_sine_005,noisy_sine,8.25,165.285,0.0,0,0
noisy_sine_005,noisy_sine,8.26667,165.285,0.0,0,0
noisy_sine_005,noisy_sine,8.28333,165.285,0.0,0,0
noisy_sine_005,noisy_sine,8.3,165.285,0.0,0,0
noisy_sine_005,noisy_sine,8.31667,165.285,0.0,0,0
noisy_sine_005,noisy_sine,8.33333,165.285,0.0,0,0
noisy_sine_005,noisy_sine,8.35,165.285,0.0,1,0
noisy_sine_005,noisy_sine,8.36667,163.785,-90.0,0,0
noisy_sine_005,noisy_sine,8.38333,163.785,0.0,0,0
noisy_sine_005,noisy_sine,8.4,163.785,0.0,0,0
noisy_sine_005,noisy_sine,8.41667,163.785,0.0,0,0
noisy_sine_005,noisy_sine,8.43333,163.785,0.0,0,0
noisy_sine_005,noisy_sine,8.45,163.785,0.0,0,0
noisy_sine_005,noisy_sine,8.46667,163.785,0.0,0,0
noisy_sine_005,noisy_sine,8.48333,163.785,0.0,0,0
noisy_sine_005,noisy_sine,8.5,163.785,0.0,0,0
noisy_sine_005,noisy_sine,8.51667,163.785,0.0,0,0
noisy_sine_005,noisy_sine,8.53333,163.785,0.0,0,0
noisy_sine_005,noisy_sine,8.55,163.785,0.0,0,0
noisy_sine_005,noisy_sine,8.56667,163.785,0.0,0,0
noisy_sine_005,noisy_sine,8.58333,163.785,0.0,0,0
noisy_sine_005,noisy_sine,8.6,163.785,0.0,0,0
noisy_sine_005,noisy_sine,8.61667,163.785,0.0,0,0
noisy_sine_005,noisy_sine,8.63333,163.785,0.0,0,0
noisy_sine_005,noisy_sine,8.65,163.785,0.0,0,0
noisy_sine_005,noisy_sine,8.66667,163.785,0.0,0,0
noisy_sine_005,noisy_sine,8.68333,163.785,0.0,0,0
noisy_sine_005,noisy_sine,8.7,163.785,0.0,0,0
noisy_sine_005,noisy_sine,8.71667,163.785,0.0,0,0
noisy_sine_005,noisy_sine,8.73333,163.785,0.0,0,0
noisy_sine_005,noisy_sine,8.75,163.785,0.0,0,0
noisy_sine_005,noisy_sine,8.76667,163.785,0.0,0,0
noisy_sine_005,noisy_sine,8.78333,163.785,0.0,0,0
noisy_sine_005,noisy_sine,8.8,163.785,0.0,0,0
noisy_sine_005,noisy_sine,8.81667,163.785,0.0,1,0
noisy_sine_005,noisy_sine,8.83333,162.285,-90.0,0,0
noisy_sine_005,noisy_sine,8.85,162.285,0.0,0,0
noisy_sine_005,noisy_sine,8.86667,162.285,0.0,0,0
noisy_sine_005,noisy_sine,8.88333,162.285,0.0,1,0
noisy_sine_005,noisy_sine,8.9,160.785,-90.0,0,0
noisy_sine_005,noisy_sine,8.91667,160.785,0.0,0,0
noisy_sine_005,noisy_sine,8.93333,160.785,0.0,1,0
noisy_sine_005,noisy_sine,8.95,159.285,-90.0,0,0
noisy_sine_005,noisy_sine,8.96667,159.285,0.0,0,0
noisy_sine_005,noisy_sine,8.98333,159.285,0.0,1,0
noisy_sine_005,noisy_sine,9.0,157.785,-90.0,0,0
noisy_sine_005,noisy_sine,9.01667,157.785,0.0,0,0
noisy_sine_005,noisy_sine,9.03333,157.785,0.0,1,0
noisy_sine_005,noisy_sine,9.05,156.285,-90.0,0,0
noisy_sine_005,noisy_sine,9.06667,156.285,0.0,0,0
noisy_sine_005,noisy_sine,9.08333,156.285,0.0,1,0
noisy_sine_005,noisy_sine,9.1,154.785,-90.0,0,0
noisy_sine_005,noisy_sine,9.11667,154.785,0.0,1,0
noisy_sine_005,noisy_sine,9.13333,153.285,-90.0,0,0
noisy_sine_005,noisy_sine,9.15,153.285,0.0,0,0
noisy_sine_005,noisy_sine,9.16667,153.285,0.0,1,0
noisy_sine_005,noisy_sine,9.18333,151.785,-90.0,0,0
noisy_sine_005,noisy_sine,9.2,151.785,0.0,1,0
noisy_sine_005,noisy_sine,9.21667,150.285,-90.0,1,0
noisy_sine_005,noisy_sine,9.23333,148.785,-90.0,0,0
noisy_sine_005,noisy_sine,9.25,148.785,0.0,0,0
noisy_sine_005,noisy_sine,9.26667,148.785,0.0,0,0
noisy_sine_005,noisy_sine,9.28333,148.785,0.0,1,0
noisy_sine_005,noisy_sine,9.3,147.285,-90.0,0,0
noisy_sine_005,noisy_sine,9.31667,147.285,0.0,1,0
noisy_sine_005,noisy_sine,9.33333,145.785,-90.0,0,0
noisy_sine_005,noisy_sine,9.35,145.785,0.0,1,0
noisy_sine_005,noisy_sine,9.36667,144.285,-90.0,0,0
noisy_sine_005,noisy_sine,9.38333,144.285,0.0,1,0
noisy_sine_005,noisy_sine,9.4,142.785,-90.0,0,0
noisy_sine_005,noisy_sine,9.41667,142.785,0.0,0,0
noisy_sine_005,noisy_sine,9.43333,142.785,0.0,1,0
noisy_sine_005,noisy_sine,9.45,141.285,-90.0,0,0
noisy_sine_005,noisy_sine,9.46667,141.285,0.0,1,0
noisy_sine_005,noisy_sine,9.48333,139.785,-90.0,0,0
noisy_sine_005,noisy_sine,9.5,139.785,0.0,1,0
noisy_sine_005,noisy_sine,9.51667,138.285,-90.0,0,0
noisy_sine_005,noisy_sine,9.53333,138.285,0.0,1,0
noisy_sine_005,noisy_sine,9.55,136.785,-90.0,0,0
noisy_sine_005,noisy_sine,9.56667,136.785,0.0,1,0
noisy_sine_005,noisy_sine,9.58333,135.285,-90.0,0,0
noisy_sine_005,noisy_sine,9.6,135.285,0.0,1,0
noisy_sine_005,noisy_sine,9.61667,133.785,-90.0,1,0
noisy_sine_005,noisy_sine,9.63333,132.285,-90.0,0,0
noisy_sine_005,noisy_sine,9.65,132.285,0.0,1,0
noisy_sine_005,noisy_sine,9.66667,130.785,-90.0,0,0
noisy_sine_005,noisy_sine,9.68333,130.785,0.0,1,0
noisy_sine_005,noisy_sine,9.7,129.285,-90.0,0,0
noisy_sine_005,noisy_sine,9.71667,129.285,0.0,0,1
noisy_sine_005,noisy_sine,9.73333,130.785,90.0,1,0
noisy_sine_005,noisy_sine,9.75,129.285,-90.0,0,0
noisy_sine_005,noisy_sine,9.76667,129.285,0.0,1,0
noisy_sine_005,noisy_sine,9.78333,127.785,-90.0,1,0
noisy_sine_005,noisy_sine,9.8,126.285,-90.0,1,0
noisy_sine_005,noisy_sine,9.81667,124.785,-90.0,1,0
noisy_sine_005,noisy_sine,9.83333,123.285,-90.0,1,0
noisy_sine_005,noisy_sine,9.85,121.785,-90.0,0,0
noisy_sine_005,noisy_sine,9.86667,121.785,0.0,1,0
noisy_sine_005,noisy_sine,9.88333,120.285,-90.0,0,0
noisy_sine_005,noisy_sine,9.9,120.285,0.0,1,0
noisy_sine_005,noisy_sine,9.91667,118.785,-90.0,0,0
noisy_sine_005,noisy_sine,9.93333,118.785,0.0,1,0
noisy_sine_005,noisy_sine,9.95,117.285,-90.0,0,1
noisy_sine_005,noisy_sine,9.96667,118.785,90.0,1,0
noisy_sine_005,noisy_sine,9.98333,117.285,-90.0,1,0
noisy_sine_005,noisy_sine,10.0,115.785,-90.0,1,0
noisy_sine_005,noisy_sine,10.01667,114.285,-90.0,1,0
noisy_sine_005,noisy_sine,10.03333,112.785,-90.0,1,0
noisy_sine_005,noisy_sine,10.05,111.285,-90.0,0,0
noisy_sine_005,noisy_sine,10.06667,111.285,0.0,1,0
noisy_sine_005,noisy_sine,10.08333,109.785,-90.0,0,0
noisy_sine_005,noisy_sine,10.1,109.785,0.0,1,0
noisy_sine_005,noisy_sine,10.11667,108.285,-90.0,0,0
noisy_sine_005,noisy_sine,10.13333,108.285,0.0,1,0
noisy_sine_005,noisy_sine,10.15,106.785,-90.0,1,0
noisy_sine_005,noisy_sine,10.16667,105.285,-90.0,1,0
noisy_sine_005,noisy_sine,10.18333,103.785,-90.0,0,0
noisy_sine_005,noisy_sine,10.2,103.785,0.0,0,0
noisy_sine_005,noisy_sine,10.21667,103.785,0.0,1,0
noisy_sine_005,noisy_sine,10.23333,102.285,-90.0,0,0
noisy_sine_005,noisy_sine,10.25,102.285,0.0,1,0
noisy_sine_005,noisy_sine,10.26667,100.785,-90.0,1,0
noisy_sine_005,noisy_sine,10.28333,99.285,-90.0,0,0
noisy_sine_005,noisy_sine,10.3,99.285,0.0,1,0
noisy_sine_005,noisy_sine,10.31667,97.785,-90.0,0,0
noisy_sine_005,noisy_sine,10.33333,97.785,0.0,1,0
noisy_sine_005,noisy_sine,10.35,96.285,-90.0,1,0
noisy_sine_005,noisy_sine,10.36667,94.785,-90.0,0,0
noisy_sine_005,noisy_sine,10.38333,94.785,0.0,1,0
noisy_sine_005,noisy_sine,10.4,93.285,-90.0,0,0
noisy_sine_005,noisy_sine,10.41667,93.285,0.0,1,0
noisy_sine_005,noisy_sine,10.43333,91.785,-90.0,0,0
noisy_sine_005,noisy_sine,10.45,91.785,0.0,1,0
noisy_sine_005,noisy_sine,10.46667,90.285,-90.0,1,0
noisy_sine_005,noisy_sine,10.48333,88.785,-90.0,0,0
noisy_sine_005,noisy_sine,10.5,88.785,0.0,1,0
noisy_sine_005,noisy_sine,10.51667,87.285,-90.0,0,0
noisy_sine_005,noisy_sine,10.53333,87.285,0.0,1,0
noisy_sine_005,noisy_sine,10.55,85.785,-90.0,0,0
noisy_sine_005,noisy_sine,10.56667,85.785,0.0,1,0
noisy_sine_005,noisy_sine,10.58333,84.285,-90.0,0,0
noisy_sine_005,noisy_sine,10.6,84.285,0.0,1,0
noisy_sine_005,noisy_sine,10.61667,82.785,-90.0,1,0
noisy_sine_005,noisy_sine,10.63333,81.285,-90.0,0,0
noisy_sine_005,noisy_sine,10.65,81.285,0.0,1,0
noisy_sine_005,noisy_sine,10.66667,79.785,-90.0,0,1
noisy_sine_005,noisy_sine,10.68333,81.285,90.0,1,0
noisy_sine_005,noisy_sine,10.7,79.785,-90.0,0,1
noisy_sine_005,noisy_sine,10.71667,81.285,90.0,1,0
noisy_sine_005,noisy_sine,10.73333,79.785,-90.0,1,0
noisy_sine_005,noisy_sine,10.75,78.285,-90.0,1,0
noisy_sine_005,noisy_sine,10.76667,76.785,-90.0,0,1
noisy_sine_005,noisy_sine,10.78333,78.285,90.0,1,0
noisy_sine_005,noisy_sine,10.8,76.785,-90.0,1,0
noisy_sine_005,noisy_sine,10.81667,75.285,-90.0,1,0
noisy_sine_005,noisy_sine,10.83333,73.785,-90.0,1,0
noisy_sine_005,noisy_sine,10.85,72.285,-90.0,1,0
noisy_sine_005,noisy_sine,10.86667,70.785,-90.0,0,0
noisy_sine_005,noisy_sine,10.88333,70.785,0.0,1,0
noisy_sine_005,noisy_sine,10.9,69.285,-90.0,0,0
noisy_sine_005,noisy_sine,10.91667,69.285,0.0,1,0
noisy_sine_005,noisy_sine,10.93333,67.785,-90.0,0,0
noisy_sine_005,noisy_sine,10.95,67.785,0.0,1,0
noisy_sine_005,noisy_sine,10.96667,66.285,-90.0,0,0
noisy_sine_005,noisy_sine,10.98333,66.285,0.0,1,0
noisy_sine_005,noisy_sine,11.0,64.785,-90.0,0,0
noisy_sine_005,noisy_sine,11.01667,64.785,0.0,1,0
noisy_sine_005,noisy_sine,11.03333,63.285,-90.0,0,0
noisy_sine_005,noisy_sine,11.05,63.285,0.0,0,0
noisy_sine_005,noisy_sine,11.06667,63.285,0.0,1,0
noisy_sine_005,noisy_sine,11.08333,61.785,-90.0,0,0
noisy_sine_005,noisy_sine,11.1,61.785,0.0,1,0
noisy_sine_005,noisy_sine,11.11667,60.285,-90.0,0,0
noisy_sine_005,noisy_sine,11.13333,60.285,0.0,0,1
noisy_sine_005,noisy_sine,11.15,61.785,90.0,1,0
noisy_sine_005,noisy_sine,11.16667,60.285,-90.0,1,0
noisy_sine_005,noisy_sine,11.18333,58.785,-90.0,1,0
noisy_sine_005,noisy_sine,11.2,57.285,-90.0,0,0
noisy_sine_005,noisy_sine,11.21667,57.285,0.0,1,0
noisy_sine_005,noisy_sine,11.23333,55.785,-90.0,0,0
noisy_sine_005,noisy_sine,11.25,55.785,0.0,0,0
noisy_sine_005,noisy_sine,11.26667,55.785,0.0,1,0
noisy_sine_005,noisy_sine,11.28333,54.285,-90.0,0,0
noisy_sine_005,noisy_sine,11.3,54.285,0.0,1,0
noisy_sine_005,noisy_sine,11.31667,52.785,-90.0,0,0
noisy_sine_005,noisy_sine,11.33333,52.785,0.0,0,0
noisy_sine_005,noisy_sine,11.35,52.785,0.0,1,0
noisy_sine_005,noisy_sine,11.36667,51.285,-90.0,0,0
noisy_sine_005,noisy_sine,11.38333,51.285,0.0,0,0
noisy_sine_005,noisy_sine,11.4,51.285,0.0,0,0
noisy_sine_005,noisy_sine,11.41667,51.285,0.0,1,0
noisy_sine_005,noisy_sine,11.43333,49.785,-90.0,0,0
noisy_sine_005,noisy_sine,11.45,49.785,0.0,1,0
noisy_sine_005,noisy_sine,11.46667,48.285,-90.0,0,0
noisy_sine_005,noisy_sine,11.48333,48.285,0.0,0,0
noisy_sine_005,noisy_sine,11.5,48.285,0.0,0,0
noisy_sine_005,noisy_sine,11.51667,48.285,0.0,1,0
noisy_sine_005,noisy_sine,11.53333,46.785,-90.0,0,0
noisy_sine_005,noisy_sine,11.55,46.785,0.0,0,0
noisy_sine_005,noisy_sine,11.56667,46.785,0.0,0,0
noisy_sine_005,noisy_sine,11.58333,46.785,0.0,1,0
noisy_sine_005,noisy_sine,11.6,45.285,-90.0,0,0
noisy_sine_005,noisy_sine,11.61667,45.285,0.0,0,0
noisy_sine_005,noisy_sine,11.63333,45.285,0.0,0,0
noisy_sine_005,noisy_sine,11.65,45.285,0.0,1,0
noisy_sine_005,noisy_sine,11.66667,43.785,-90.0,0,0
noisy_sine_005,noisy_sine,11.68333,43.785,0.0,0,0
noisy_sine_005,noisy_sine,11.7,43.785,0.0,0,0
noisy_sine_005,noisy_sine,11.71667,43.785,0.0,0,0
noisy_sine_005,noisy_sine,11.73333,43.785,0.0,1,0
noisy_sine_005,noisy_sine,11.75,42.285,-90.0,0,0
noisy_sine_005,noisy_sine,11.76667,42.285,0.0,0,0
noisy_sine_005,noisy_sine,11.78333,42.285,0.0,0,0
noisy_sine_005,noisy_sine,11.8,42.285,0.0,0,0
noisy_sine_005,noisy_sine,11.81667,42.285,0.0,0,0
noisy_sine_005,noisy_sine,11.83333,42.285,0.0,1,0
noisy_sine_005,noisy_sine,11.85,40.785,-90.0,0,0
noisy_sine_005,noisy_sine,11.86667,40.785,0.0,0,0
noisy_sine_005,noisy_sine,11.88333,40.785,0.0,0,0
noisy_sine_005,noisy_sine,11.9,40.785,0.0,0,0
noisy_sine_005,noisy_sine,11.91667,40.785,0.0,0,0
noisy_sine_005,noisy_sine,11.93333,40.785,0.0,0,0
noisy_sine_005,noisy_sine,11.95,40.785,0.0,0,0
noisy_sine_005,noisy_sine,11.96667,40.785,0.0,0,0
noisy_sine_005,noisy_sine,11.98333,40.785,0.0,1,0
noisy_sine_005,noisy_sine,12.0,39.285,-90.0,0,0
noisy_sine_005,noisy_sine,12.01667,39.285,0.0,0,0
noisy_sine_005,noisy_sine,12.03333,39.285,0.0,0,0
noisy_sine_005,noisy_sine,12.05,39.285,0.0,0,0
noisy_sine_005,noisy_sine,12.06667,39.285,0.0,0,0
noisy_sine_005,noisy_sine,12.08333,39.285,0.0,0,0
noisy_sine_005,noisy_sine,12.1,39.285,0.0,0,0
noisy_sine_005,noisy_sine,12.11667,39.285,0.0,0,0
noisy_sine_005,noisy_sine,12.13333,39.285,0.0,0,0
noisy_sine_005,noisy_sine,12.15,39.285,0.0,0,0
noisy_sine_005,noisy_sine,12.16667,39.285,0.0,0,1
noisy_sine_005,noisy_sine,12.18333,40.785,90.0,1,0
noisy_sine_005,noisy_sine,12.2,39.285,-90.0,0,1
noisy_sine_005,noisy_sine,12.21667,40.785,90.0,1,0
noisy_sine_005,noisy_sine,12.23333,39.285,-90.0,0,0
noisy_sine_005,noisy_sine,12.25,39.285,0.0,0,0
noisy_sine_005,noisy_sine,12.26667,39.285,0.0,0,0
noisy_sine_005,noisy_sine,12.28333,39.285,0.0,0,0
noisy_sine_005,noisy_sine,12.3,39.285,0.0,0,0
noisy_sine_005,noisy_sine,12.31667,39.285,0.0,0,0
noisy_sine_005,noisy_sine,12.33333,39.285,0.0,0,0
noisy_sine_005,noisy_sine,12.35,39.285,0.0,0,0
noisy_sine_005,noisy_sine,12.36667,39.285,0.0,0,0
noisy_sine_005,noisy_sine,12.38333,39.285,0.0,0,0
noisy_sine_005,noisy_sine,12.4,39.285,0.0,0,0
noisy_sine_005,noisy_sine,12.41667,39.285,0.0,0,0
noisy_sine_005,noisy_sine,12.43333,39.285,0.0,0,1
noisy_sine_005,noisy_sine,12.45,40.785,90.0,0,0
noisy_sine_005,noisy_sine,12.46667,40.785,0.0,0,0
noisy_sine_005,noisy_sine,12.48333,40.785,0.0,0,0
noisy_sine_005,noisy_sine,12.5,40.785,0.0,0,0
noisy_sine_005,noisy_sine,12.51667,40.785,0.0,0,0
noisy_sine_005,noisy_sine,12.53333,40.785,0.0,0,0
noisy_sine_005,noisy_sine,12.55,40.785,0.0,0,0
noisy_sine_005,noisy_sine,12.56667,40.785,0.0,0,0
noisy_sine_005,noisy_sine,12.58333,40.785,0.0,0,0
noisy_sine_005,noisy_sine,12.6,40.785,0.0,0,0
noisy_sine_005,noisy_sine,12.61667,40.785,0.0,0,0
noisy_sine_005,noisy_sine,12.63333,40.785,0.0,0,0
noisy_sine_005,noisy_sine,12.65,40.785,0.0,0,0
noisy_sine_005,noisy_sine,12.66667,40.785,0.0,0,0
noisy_sine_005,noisy_sine,12.68333,40.785,0.0,0,0
noisy_sine_005,noisy_sine,12.7,40.785,0.0,0,0
noisy_sine_005,noisy_sine,12.71667,40.785,0.0,0,0
noisy_sine_005,noisy_sine,12.73333,40.785,0.0,0,0
noisy_sine_005,noisy_sine,12.75,40.785,0.0,0,0
noisy_sine_005,noisy_sine,12.76667,40.785,0.0,0,0
noisy_sine_005,noisy_sine,12.78333,40.785,0.0,0,0
noisy_sine_005,noisy_sine,12.8,40.785,0.0,0,1
noisy_sine_005,noisy_sine,12.81667,42.285,90.0,0,0
noisy_sine_005,noisy_sine,12.83333,42.285,0.0,0,0
noisy_sine_005,noisy_sine,12.85,42.285,0.0,0,1
noisy_sine_005,noisy_sine,12.86667,43.785,90.0,0,0
noisy_sine_005,noisy_sine,12.88333,43.785,0.0,0,0
noisy_sine_005,noisy_sine,12.9,43.785,0.0,0,1
noisy_sine_005,noisy_sine,12.91667,45.285,90.0,0,0
noisy_sine_005,noisy_sine,12.93333,45.285,0.0,0,0
noisy_sine_005,noisy_sine,12.95,45.285,0.0,0,1
noisy_sine_005,noisy_sine,12.96667,46.785,90.0,0,0
noisy_sine_005,noisy_sine,12.98333,46.785,0.0,0,0
noisy_sine_005,noisy_sine,13.0,46.785,0.0,0,1
noisy_sine_005,noisy_sine,13.01667,48.285,90.0,0,0
noisy_sine_005,noisy_sine,13.03333,48.285,0.0,0,1
noisy_sine_005,noisy_sine,13.05,49.785,90.0,0,0
noisy_sine_005,noisy_sine,13.06667,49.785,0.0,0,0
noisy_sine_005,noisy_sine,13.08333,49.785,0.0,0,1
noisy_sine_005,noisy_sine,13.1,51.285,90.0,0,0
noisy_sine_005,noisy_sine,13.11667,51.285,0.0,0,1
noisy_sine_005,noisy_sine,13.13333,52.785,90.0,0,0
noisy_sine_005,noisy_sine,13.15,52.785,0.0,0,0
noisy_sine_005,noisy_sine,13.16667,52.785,0.0,0,1
noisy_sine_005,noisy_sine,13.18333,54.285,90.0,0,0
noisy_sine_005,noisy_sine,13.2,54.285,0.0,0,1
noisy_sine_005,noisy_sine,13.21667,55.785,90.0,0,0
noisy_sine_005,noisy_sine,13.23333,55.785,0.0,0,1
noisy_sine_005,noisy_sine,13.25,57.285,90.0,0,0
noisy_sine_005,noisy_sine,13.26667,57.285,0.0,0,0
noisy_sine_005,noisy_sine,13.28333,57.285,0.0,0,1
noisy_sine_005,noisy_sine,13.3,58.785,90.0,0,0
noisy_sine_005,noisy_sine,13.31667,58.785,0.0,0,1
noisy_sine_005,noisy_sine,13.33333,60.285,90.0,0,0
noisy_sine_005,noisy_sine,13.35,60.285,0.0,0,1
noisy_sine_005,noisy_sine,13.36667,61.785,90.0,0,0
noisy_sine_005,noisy_sine,13.38333,61.785,0.0,0,1
noisy_sine_005,noisy_sine,13.4,63.285,90.0,0,0
noisy_sine_005,noisy_sine,13.41667,63.285,0.0,0,1
noisy_sine_005,noisy_sine,13.43333,64.785,90.0,0,0
noisy_sine_005,noisy_sine,13.45,64.785,0.0,0,1
noisy_sine_005,noisy_sine,13.46667,66.285,90.0,0,0
noisy_sine_005,noisy_sine,13.48333,66.285,0.0,0,1
noisy_sine_005,noisy_sine,13.5,67.785,90.0,0,0
noisy_sine_005,noisy_sine,13.51667,67.785,0.0,0,1
noisy_sine_005,noisy_sine,13.53333,69.285,90.0,0,0
noisy_sine_005,noisy_sine,13.55,69.285,0.0,0,1
noisy_sine_005,noisy_sine,13.56667,70.785,90.0,0,0
noisy_sine_005,noisy_sine,13.58333,70.785,0.0,0,1
noisy_sine_005,noisy_sine,13.6,72.285,90.0,0,0
noisy_sine_005,noisy_sine,13.61667,72.285,0.0,0,1
noisy_sine_005,noisy_sine,13.63333,73.785,90.0,0,0
noisy_sine_005,noisy_sine,13.65,73.785,0.0,0,1
noisy_sine_005,noisy_sine,13.66667,75.285,90.0,0,1
noisy_sine_005,noisy_sine,13.68333,76.785,90.0,0,0
noisy_sine_005,noisy_sine,13.7,76.785,0.0,0,1
noisy_sine_005,noisy_sine,13.71667,78.285,90.0,0,0
noisy_sine_005,noisy_sine,13.73333,78.285,0.0,0,1
noisy_sine_005,noisy_sine,13.75,79.785,90.0,0,0
noisy_sine_005,noisy_sine,13.76667,79.785,0.0,0,1
noisy_sine_005,noisy_sine,13.78333,81.285,90.0,0,0
noisy_sine_005,noisy_sine,13.8,81.285,0.0,0,1
noisy_sine_005,noisy_sine,13.81667,82.785,90.0,0,1
noisy_sine_005,noisy_sine,13.83333,84.285,90.0,0,0
noisy_sine_005,noisy_sine,13.85,84.285,0.0,0,1
noisy_sine_005,noisy_sine,13.86667,85.785,90.0,0,0
noisy_sine_005,noisy_sine,13.88333,85.785,0.0,0,1
noisy_sine_005,noisy_sine,13.9,87.285,90.0,1,0
noisy_sine_005,noisy_sine,13.91667,85.785,-90.0,0,1
noisy_sine_005,noisy_sine,13.93333,87.285,90.0,0,1
noisy_sine_005,noisy_sine,13.95,88.785,90.0,0,1
noisy_sine_005,noisy_sine,13.96667,90.285,90.0,0,1
noisy_sine_005,noisy_sine,13.98333,91.785,90.0,0,0
noisy_sine_005,noisy_sine,14.0,91.785,0.0,0,1
noisy_sine_005,noisy_sine,14.01667,93.285,90.0,0,0
noisy_sine_005,noisy_sine,14.03333,93.285,0.0,0,1
noisy_sine_005,noisy_sine,14.05,94.785,90.0,0,1
noisy_sine_005,noisy_sine,14.06667,96.285,90.0,0,0
noisy_sine_005,noisy_sine,14.08333,96.285,0.0,0,1
noisy_sine_005,noisy_sine,14.1,97.785,90.0,1,0
noisy_sine_005,noisy_sine,14.11667,96.285,-90.0,0,1
noisy_sine_005,noisy_sine,14.13333,97.785,90.0,0,1
noisy_sine_005,noisy_sine,14.15,99.285,90.0,0,1
noisy_sine_005,noisy_sine,14.16667,100.785,90.0,0,1
noisy_sine_005,noisy_sine,14.18333,102.285,90.0,0,0
noisy_sine_005,noisy_sine,14.2,102.285,0.0,0,1
noisy_sine_005,noisy_sine,14.21667,103.785,90.0,0,0
noisy_sine_005,noisy_sine,14.23333,103.785,0.0,0,1
noisy_sine_005,noisy_sine,14.25,105.285,90.0,0,1
noisy_sine_005,noisy_sine,14.26667,106.785,90.0,0,0
noisy_sine_005,noisy_sine,14.28333,106.785,0.0,0,1
noisy_sine_005,noisy_sine,14.3,108.285,90.0,0,0
noisy_sine_005,noisy_sine,14.31667,108.285,0.0,0,1
noisy_sine_005,noisy_sine,14.33333,109.785,90.0,0,0
noisy_sine_005,noisy_sine,14.35,109.785,0.0,0,1
noisy_sine_005,noisy_sine,14.36667,111.285,90.0,0,1
noisy_sine_005,noisy_sine,14.38333,112.785,90.0,0,1
noisy_sine_005,noisy_sine,14.4,114.285,90.0,0,0
noisy_sine_005,noisy_sine,14.41667,114.285,0.0,0,0
noisy_sine_005,noisy_sine,14.43333,114.285,0.0,0,1
noisy_sine_005,noisy_sine,14.45,115.785,90.0,0,0
noisy_sine_005,noisy_sine,14.46667,115.785,0.0,0,1
noisy_sine_005,noisy_sine,14.48333,117.285,90.0,0,1
noisy_sine_005,noisy_sine,14.5,118.785,90.0,0,1
noisy_sine_005,noisy_sine,14.51667,120.285,90.0,0,0
noisy_sine_005,noisy_sine,14.53333,120.285,0.0,0,0
noisy_sine_005,noisy_sine,14.55,120.285,0.0,0,1
noisy_sine_005,noisy_sine,14.56667,121.785,90.0,0,0
noisy_sine_005,noisy_sine,14.58333,121.785,0.0,0,1
noisy_sine_005,noisy_sine,14.6,123.285,90.0,0,0
noisy_sine_005,noisy_sine,14.61667,123.285,0.0,0,1
noisy_sine_005,noisy_sine,14.63333,124.785,90.0,0,0
noisy_sine_005,noisy_sine,14.65,124.785,0.0,0,1
noisy_sine_005,noisy_sine,14.66667,126.285,90.0,0,1
noisy_sine_005,noisy_sine,14.68333,127.785,90.0,0,0
noisy_sine_005,noisy_sine,14.7,127.785,0.0,0,1
noisy_sine_005,noisy_sine,14.71667,129.285,90.0,0,0
noisy_sine_005,noisy_sine,14.73333,129.285,0.0,0,1
noisy_sine_005,noisy_sine,14.75,130.785,90.0,0,0
noisy_sine_005,noisy_sine,14.76667,130.785,0.0,0,1
noisy_sine_005,noisy_sine,14.78333,132.285,90.0,0,0
noisy_sine_005,noisy_sine,14.8,132.285,0.0,0,1
noisy_sine_005,noisy_sine,14.81667,133.785,90.0,0,0
noisy_sine_005,noisy_sine,14.83333,133.785,0.0,0,1
noisy_sine_005,noisy_sine,14.85,135.285,90.0,0,0
noisy_sine_005,noisy_sine,14.86667,135.285,0.0,0,1
noisy_sine_005,noisy_sine,14.88333,136.785,90.0,0,0
noisy_sine_005,noisy_sine,14.9,136.785,0.0,0,1
noisy_sine_005,noisy_sine,14.91667,138.285,90.0,0,0
noisy_sine_005,noisy_sine,14.93333,138.285,0.0,0,0
noisy_sine_005,noisy_sine,14.95,138.285,0.0,0,1
noisy_sine_005,noisy_sine,14.96667,139.785,90.0,0,0
noisy_sine_005,noisy_sine,14.98333,139.785,0.0,0,1
noisy_sine_005,noisy_sine,15.0,141.285,90.0,0,0
noisy_sine_005,noisy_sine,15.01667,141.285,0.0,0,1
noisy_sine_005,noisy_sine,15.03333,142.785,90.0,0,0
noisy_sine_005,noisy_sine,15.05,142.785,0.0,0,1
noisy_sine_005,noisy_sine,15.06667,144.285,90.0,0,0
noisy_sine_005,noisy_sine,15.08333,144.285,0.0,0,0
noisy_sine_005,noisy_sine,15.1,144.285,0.0,0,1
noisy_sine_005,noisy_sine,15.11667,145.785,90.0,0,0
noisy_sine_005,noisy_sine,15.13333,145.785,0.0,0,0
noisy_sine_005,noisy_sine,15.15,145.785,0.0,0,1
noisy_sine_005,noisy_sine,15.16667,147.285,90.0,0,0
noisy_sine_005,noisy_sine,15.18333,147.285,0.0,0,1
noisy_sine_005,noisy_sine,15.2,148.785,90.0,0,0
noisy_sine_005,noisy_sine,15.21667,148.785,0.0,0,1
noisy_sine_005,noisy_sine,15.23333,150.285,90.0,0,0
noisy_sine_005,noisy_sine,15.25,150.285,0.0,0,0
noisy_sine_005,noisy_sine,15.26667,150.285,0.0,0,1
noisy_sine_005,noisy_sine,15.28333,151.785,90.0,0,0
noisy_sine_005,noisy_sine,15.3,151.785,0.0,0,0
noisy_sine_005,noisy_sine,15.31667,151.785,0.0,0,1
noisy_sine_005,noisy_sine,15.33333,153.285,90.0,0,0
noisy_sine_005,noisy_sine,15.35,153.285,0.0,0,0
noisy_sine_005,noisy_sine,15.36667,153.285,0.0,0,1
noisy_sine_005,noisy_sine,15.38333,154.785,90.0,0,0
noisy_sine_005,noisy_sine,15.4,154.785,0.0,0,0
noisy_sine_005,noisy_sine,15.41667,154.785,0.0,0,1
noisy_sine_005,noisy_sine,15.43333,156.285,90.0,0,0
noisy_sine_005,noisy_sine,15.45,156.285,0.0,0,0
noisy_sine_005,noisy_sine,15.46667,156.285,0.0,0,0
noisy_sine_005,noisy_sine,15.48333,156.285,0.0,0,1
noisy_sine_005,noisy_sine,15.5,157.785,90.0,0,0
noisy_sine_005,noisy_sine,15.51667,157.785,0.0,0,0
noisy_sine_005,noisy_sine,15.53333,157.785,0.0,0,0
noisy_sine_005,noisy_sine,15.55,157.785,0.0,0,1
noisy_sine_005,noisy_sine,15.56667,159.285,90.0,0,0
noisy_sine_005,noisy_sine,15.58333,159.285,0.0,0,0
noisy_sine_005,noisy_sine,15.6,159.285,0.0,0,0
noisy_sine_005,noisy_sine,15.61667,159.285,0.0,0,1
noisy_sine_005,noisy_sine,15.63333,160.785,90.0,0,0
noisy_sine_005,noisy_sine,15.65,160.785,0.0,0,0
noisy_sine_005,noisy_sine,15.66667,160.785,0.0,0,0
noisy_sine_005,noisy_sine,15.68333,160.785,0.0,0,0
noisy_sine_005,noisy_sine,15.7,160.785,0.0,0,1
noisy_sine_005,noisy_sine,15.71667,162.285,90.0,0,0
noisy_sine_005,noisy_sine,15.73333,162.285,0.0,0,0
noisy_sine_005,noisy_sine,15.75,162.285,0.0,0,0
noisy_sine_005,noisy_sine,15.76667,162.285,0.0,0,0
noisy_sine_005,noisy_sine,15.78333,162.285,0.0,0,0
noisy_sine_005,noisy_sine,15.8,162.285,0.0,0,0
noisy_sine_005,noisy_sine,15.81667,162.285,0.0,0,1
noisy_sine_005,noisy_sine,15.83333,163.785,90.0,0,0
noisy_sine_005,noisy_sine,15.85,163.785,0.0,0,0
noisy_sine_005,noisy_sine,15.86667,163.785,0.0,0,0
noisy_sine_005,noisy_sine,15.88333,163.785,0.0,0,0
noisy_sine_005,noisy_sine,15.9,163.785,0.0,0,0
noisy_sine_005,noisy_sine,15.91667,163.785,0.0,0,0
noisy_sine_005,noisy_sine,15.93333,163.785,0.0,0,0
noisy_sine_005,noisy_sine,15.95,163.785,0.0,0,0
noisy_sine_005,noisy_sine,15.96667,163.785,0.0,0,0
noisy_sine_005,noisy_sine,15.98333,163.785,0.0,0,0
noisy_sine_005,noisy_sine,16.0,163.785,0.0,0,0
noisy_sine_005,noisy_sine,16.01667,163.785,0.0,0,0
noisy_sine_005,noisy_sine,16.03333,163.785,0.0,0,0
noisy_sine_005,noisy_sine,16.05,163.785,0.0,0,0
noisy_sine_005,noisy_sine,16.06667,163.785,0.0,0,1
noisy_sine_005,noisy_sine,16.08333,165.285,90.0,0,0
noisy_sine_005,noisy_sine,16.1,165.285,0.0,0,0
noisy_sine_005,noisy_sine,16.11667,165.285,0.0,0,0
noisy_sine_005,noisy_sine,16.13333,165.285,0.0,0,0
noisy_sine_005,noisy_sine,16.15,165.285,0.0,0,0
noisy_sine_005,noisy_sine,16.16667,165.285,0.0,0,0
noisy_sine_005,noisy_sine,16.18333,165.285,0.0,0,0
noisy_sine_005,noisy_sine,16.2,165.285,0.0,0,0
noisy_sine_005,noisy_sine,16.21667,165.285,0.0,0,0
noisy_sine_005,noisy_sine,16.23333,165.285,0.0,0,0
noisy_sine_005,noisy_sine,16.25,165.285,0.0,0,0
noisy_sine_005,noisy_sine,16.26667,165.285,0.0,0,0
noisy_sine_005,noisy_sine,16.28333,165.285,0.0,0,0
noisy_sine_005,noisy_sine,16.3,165.285,0.0,0,0
noisy_sine_005,noisy_sine,16.31667,165.285,0.0,0,0
noisy_sine_005,noisy_sine,16.33333,165.285,0.0,0,0
noisy_sine_005,noisy_sine,16.35,165.285,0.0,0,0
noisy_sine_005,noisy_sine,16.36667,165.285,0.0,0,0
noisy_sine_005,noisy_sine,16.38333,165.285,0.0,0,0
noisy_sine_005,noisy_sine,16.4,165.285,0.0,0,0
noisy_sine_005,noisy_sine,16.41667,165.285,0.0,0,0
noisy_sine_005,noisy_sine,16.43333,165.285,0.0,0,0
noisy_sine_005,noisy_sine,16.45,165.285,0.0,0,0
noisy_sine_005,noisy_sine,16.46667,165.285,0.0,0,0
noisy_sine_005,noisy_sine,16.48333,165.285,0.0,0,0
noisy_sine_005,noisy_sine,16.5,165.285,0.0,0,0
noisy_sine_005,noisy_sine,16.51667,165.285,0.0,0,0
noisy_sine_005,noisy_sine,16.53333,165.285,0.0,0,0
noisy_sine_005,noisy_sine,16.55,165.285,0.0,0,0
noisy_sine_005,noisy_sine,16.56667,165.285,0.0,0,0
noisy_sine_005,noisy_sine,16.58333,165.285,0.0,0,0
noisy_sine_005,noisy_sine,16.6,165.285,0.0,0,0
noisy_sine_005,noisy_sine,16.61667,165.285,0.0,0,0
noisy_sine_005,noisy_sine,16.63333,165.285,0.0,0,0
noisy_sine_005,noisy_sine,16.65,165.285,0.0,1,0
noisy_sine_005,noisy_sine,16.66667,163.785,-90.0,0,1
noisy_sine_005,noisy_sine,16.68333,165.285,90.0,1,0
noisy_sine_005,noisy_sine,16.7,163.785,-90.0,0,0
noisy_sine_005,noisy_sine,16.71667,163.785,0.0,1,0
noisy_sine_005,noisy_sine,16.73333,162.285,-90.0,0,0
noisy_sine_005,noisy_sine,16.75,162.285,0.0,0,0
noisy_sine_005,noisy_sine,16.76667,162.285,0.0,1,0
noisy_sine_005,noisy_sine,16.78333,160.785,-90.0,0,0
noisy_sine_005,noisy_sine,16.8,160.785,0.0,0,0
noisy_sine_005,noisy_sine,16.81667,160.785,0.0,0,0
noisy_sine_005,noisy_sine,16.83333,160.785,0.0,1,0
noisy_sine_005,noisy_sine,16.85,159.285,-90.0,0,0
noisy_sine_005,noisy_sine,16.86667,159.285,0.0,0,0
noisy_sine_005,noisy_sine,16.88333,159.285,0.0,1,0
noisy_sine_005,noisy_sine,16.9,157.785,-90.0,0,0
noisy_sine_005,noisy_sine,16.91667,157.785,0.0,1,0
noisy_sine_005,noisy_sine,16.93333,156.285,-90.0,1,0
noisy_sine_005,noisy_sine,16.95,154.785,-90.0,0,0
noisy_sine_005,noisy_sine,16.96667,154.785,0.0,0,0
noisy_sine_005,noisy_sine,16.98333,154.785,0.0,0,0
noisy_sine_005,noisy_sine,17.0,154.785,0.0,0,0
noisy_sine_005,noisy_sine,17.01667,154.785,0.0,1,0
noisy_sine_005,noisy_sine,17.03333,153.285,-90.0,0,0
noisy_sine_005,noisy_sine,17.05,153.285,0.0,1,0
noisy_sine_005,noisy_sine,17.06667,151.785,-90.0,1,0
noisy_sine_005,noisy_sine,17.08333,150.285,-90.0,0,0
noisy_sine_005,noisy_sine,17.1,150.285,0.0,0,0
noisy_sine_005,noisy_sine,17.11667,150.285,0.0,0,0
noisy_sine_005,noisy_sine,17.13333,150.285,0.0,1,0
noisy_sine_005,noisy_sine,17.15,148.785,-90.0,0,0
noisy_sine_005,noisy_sine,17.16667,148.785,0.0,1,0
noisy_sine_005,noisy_sine,17.18333,147.285,-90.0,0,0
noisy_sine_005,noisy_sine,17.2,147.285,0.0,0,0
noisy_sine_005,noisy_sine,17.21667,147.285,0.0,1,0
noisy_sine_005,noisy_sine,17.23333,145.785,-90.0,0,0
noisy_sine_005,noisy_sine,17.25,145.785,0.0,1,0
noisy_sine_005,noisy_sine,17.26667,144.285,-90.0,0,0
noisy_sine_005,noisy_sine,17.28333,144.285,0.0,1,0
noisy_sine_005,noisy_sine,17.3,142.785,-90.0,0,0
noisy_sine_005,noisy_sine,17.31667,142.785,0.0,0,1
noisy_sine_005,noisy_sine,17.33333,144.285,90.0,1,0
noisy_sine_005,noisy_sine,17.35,142.785,-90.0,1,0
noisy_sine_005,noisy_sine,17.36667,141.285,-90.0,1,0
noisy_sine_005,noisy_sine,17.38333,139.785,-90.0,1,0
noisy_sine_005,noisy_sine,17.4,138.285,-90.0,0,0
noisy_sine_005,noisy_sine,17.41667,138.285,0.0,1,0
noisy_sine_005,noisy_sine,17.43333,136.785,-90.0,0,0
noisy_sine_005,noisy_sine,17.45,136.785,0.0,1,0
noisy_sine_005,noisy_sine,17.46667,135.285,-90.0,0,0
noisy_sine_005,noisy_sine,17.48333,135.285,0.0,1,0
noisy_sine_005,noisy_sine,17.5,133.785,-90.0,1,0
noisy_sine_005,noisy_sine,17.51667,132.285,-90.0,0,0
noisy_sine_005,noisy_sine,17.53333,132.285,0.0,0,1
noisy_sine_005,noisy_sine,17.55,133.785,90.0,1,0
noisy_sine_005,noisy_sine,17.56667,132.285,-90.0,1,0
noisy_sine_005,noisy_sine,17.58333,130.785,-90.0,1,0
noisy_sine_005,noisy_sine,17.6,129.285,-90.0,1,0
noisy_sine_005,noisy_sine,17.61667,127.785,-90.0,0,0
noisy_sine_005,noisy_sine,17.63333,127.785,0.0,0,0
noisy_sine_005,noisy_sine,17.65,127.785,0.0,1,0
noisy_sine_005,noisy_sine,17.66667,126.285,-90.0,1,0
noisy_sine_005,noisy_sine,17.68333,124.785,-90.0,0,0
noisy_sine_005,noisy_sine,17.7,124.785,0.0,1,0
noisy_sine_005,noisy_sine,17.71667,123.285,-90.0,0,1
noisy_sine_005,noisy_sine,17.73333,124.785,90.0,1,0
noisy_sine_005,noisy_sine,17.75,123.285,-90.0,1,0
noisy_sine_005,noisy_sine,17.76667,121.785,-90.0,1,0
noisy_sine_005,noisy_sine,17.78333,120.285,-90.0,1,0
noisy_sine_005,noisy_sine,17.8,118.785,-90.0,0,0
noisy_sine_005,noisy_sine,17.81667,118.785,0.0,1,0
noisy_sine_005,noisy_sine,17.83333,117.285,-90.0,0,0
noisy_sine_005,noisy_sine,17.85,117.285,0.0,1,0
noisy_sine_005,noisy_sine,17.86667,115.785,-90.0,1,0
noisy_sine_005,noisy_sine,17.88333,114.285,-90.0,0,0
noisy_sine_005,noisy_sine,17.9,114.285,0.0,1,0
noisy_sine_005,noisy_sine,17.91667,112.785,-90.0,0,0
noisy_sine_005,noisy_sine,17.93333,112.785,0.0,1,0
noisy_sine_005,noisy_sine,17.95,111.285,-90.0,0,0
noisy_sine_005,noisy_sine,17.96667,111.285,0.0,1,0
noisy_sine_005,noisy_sine,17.98333,109.785,-90.0,1,0
noisy_sine_005,noisy_sine,18.0,108.285,-90.0,0,0
noisy_sine_005,noisy_sine,18.01667,108.285,0.0,1,0
noisy_sine_005,noisy_sine,18.03333,106.785,-90.0,0,0
noisy_sine_005,noisy_sine,18.05,106.785,0.0,1,0
noisy_sine_005,noisy_sine,18.06667,105.285,-90.0,1,0
noisy_sine_005,noisy_sine,18.08333,103.785,-90.0,0,0
noisy_sine_005,noisy_sine,18.1,103.785,0.0,1,0
noisy_sine_005,noisy_sine,18.11667,102.285,-90.0,0,0
noisy_sine_005,noisy_sine,18.13333,102.285,0.0,1,0
noisy_sine_005,noisy_sine,18.15,100.785,-90.0,0,0
noisy_sine_005,noisy_sine,18.16667,100.785,0.0,1,0
noisy_sine_005,noisy_sine,18.18333,99.285,-90.0,1,0
noisy_sine_005,noisy_sine,18.2,97.785,-90.0,0,0
noisy_sine_005,noisy_sine,18.21667,97.785,0.0,1,0
noisy_sine_005,noisy_sine,18.23333,96.285,-90.0,0,0
noisy_sine_005,noisy_sine,18.25,96.285,0.0,1,0
noisy_sine_005,noisy_sine,18.26667,94.785,-90.0,0,0
noisy_sine_005,noisy_sine,18.28333,94.785,0.0,1,0
noisy_sine_005,noisy_sine,18.3,93.285,-90.0,1,0
noisy_sine_005,noisy_sine,18.31667,91.785,-90.0,0,0
noisy_sine_005,noisy_sine,18.33333,91.785,0.0,1,0
noisy_sine_005,noisy_sine,18.35,90.285,-90.0,1,0
noisy_sine_005,noisy_sine,18.36667,88.785,-90.0,0,0
noisy_sine_005,noisy_sine,18.38333,88.785,0.0,0,0
noisy_sine_005,noisy_sine,18.4,88.785,0.0,1,0
noisy_sine_005,noisy_sine,18.41667,87.285,-90.0,1,0
noisy_sine_005,noisy_sine,18.43333,85.785,-90.0,0,0
noisy_sine_005,noisy_sine,18.45,85.785,0.0,0,1
noisy_sine_005,noisy_sine,18.46667,87.285,90.0,1,0
noisy_sine_005,noisy_sine,18.48333,85.785,-90.0,1,0
noisy_sine_005,noisy_sine,18.5,84.285,-90.0,1,0
noisy_sine_005,noisy_sine,18.51667,82.785,-90.0,0,0
noisy_sine_005,noisy_sine,18.53333,82.785,0.0,1,0
noisy_sine_005,noisy_sine,18.55,81.285,-90.0,0,1
noisy_sine_005,noisy_sine,18.56667,82.785,90.0,1,0
noisy_sine_005,noisy_sine,18.58333,81.285,-90.0,1,0
noisy_sine_005,noisy_sine,18.6,79.785,-90.0,1,0
noisy_sine_005,noisy_sine,18.61667,78.285,-90.0,1,0
noisy_sine_005,noisy_sine,18.63333,76.785,-90.0,1,0
noisy_sine_005,noisy_sine,18.65,75.285,-90.0,0,0
noisy_sine_005,noisy_sine,18.66667,75.285,0.0,0,1
noisy_sine_005,noisy_sine,18.68333,76.785,90.0,1,0
noisy_sine_005,noisy_sine,18.7,75.285,-90.0,1,0
noisy_sine_005,noisy_sine,18.71667,73.785,-90.0,1,0
noisy_sine_005,noisy_sine,18.73333,72.285,-90.0,1,0
noisy_sine_005,noisy_sine,18.75,70.785,-90.0,0,0
noisy_sine_005,noisy_sine,18.76667,70.785,0.0,1,0
noisy_sine_005,noisy_sine,18.78333,69.285,-90.0,0,0
noisy_sine_005,noisy_sine,18.8,69.285,0.0,1,0
noisy_sine_005,noisy_sine,18.81667,67.785,-90.0,0,0
noisy_sine_005,noisy_sine,18.83333,67.785,0.0,1,0
noisy_sine_005,noisy_sine,18.85,66.285,-90.0,0,0
noisy_sine_005,noisy_sine,18.86667,66.285,0.0,1,0
noisy_sine_005,noisy_sine,18.88333,64.785,-90.0,0,0
noisy_sine_005,noisy_sine,18.9,64.785,0.0,0,0
noisy_sine_005,noisy_sine,18.91667,64.785,0.0,1,0
noisy_sine_005,noisy_sine,18.93333,63.285,-90.0,0,0
noisy_sine_005,noisy_sine,18.95,63.285,0.0,1,0
noisy_sine_005,noisy_sine,18.96667,61.785,-90.0,0,0
noisy_sine_005,noisy_sine,18.98333,61.785,0.0,1,0
noisy_sine_005,noisy_sine,19.0,60.285,-90.0,0,0
noisy_sine_005,noisy_sine,19.01667,60.285,0.0,0,0
noisy_sine_005,noisy_sine,19.03333,60.285,0.0,1,0
noisy_sine_005,noisy_sine,19.05,58.785,-90.0,0,0
noisy_sine_005,noisy_sine,19.06667,58.785,0.0,1,0
noisy_sine_005,noisy_sine,19.08333,57.285,-90.0,0,0
noisy_sine_005,noisy_sine,19.1,57.285,0.0,1,0
noisy_sine_005,noisy_sine,19.11667,55.785,-90.0,0,0
noisy_sine_005,noisy_sine,19.13333,55.785,0.0,0,0
noisy_sine_005,noisy_sine,19.15,55.785,0.0,1,0
noisy_sine_005,noisy_sine,19.16667,54.285,-90.0,0,0
noisy_sine_005,noisy_sine,19.18333,54.285,0.0,0,0
noisy_sine_005,noisy_sine,19.2,54.285,0.0,1,0
noisy_sine_005,noisy_sine,19.21667,52.785,-90.0,0,0
noisy_sine_005,noisy_sine,19.23333,52.785,0.0,0,0
noisy_sine_005,noisy_sine,19.25,52.785,0.0,1,0
noisy_sine_005,noisy_sine,19.26667,51.285,-90.0,0,0
noisy_sine_005,noisy_sine,19.28333,51.285,0.0,0,0
noisy_sine_005,noisy_sine,19.3,51.285,0.0,0,1
noisy_sine_005,noisy_sine,19.31667,52.785,90.0,1,0
noisy_sine_005,noisy_sine,19.33333,51.285,-90.0,1,0
noisy_sine_005,noisy_sine,19.35,49.785,-90.0,1,0
noisy_sine_005,noisy_sine,19.36667,48.285,-90.0,0,0
noisy_sine_005,noisy_sine,19.38333,48.285,0.0,0,0
noisy_sine_005,noisy_sine,19.4,48.285,0.0,1,0
noisy_sine_005,noisy_sine,19.41667,46.785,-90.0,0,0
noisy_sine_005,noisy_sine,19.43333,46.785,0.0,0,0
noisy_sine_005,noisy_sine,19.45,46.785,0.0,0,0
noisy_sine_005,noisy_sine,19.46667,46.785,0.0,1,0
noisy_sine_005,noisy_sine,19.48333,45.285,-90.0,0,0
noisy_sine_005,noisy_sine,19.5,45.285,0.0,0,0
noisy_sine_005,noisy_sine,19.51667,45.285,0.0,0,0
noisy_sine_005,noisy_sine,19.53333,45.285,0.0,1,0
noisy_sine_005,noisy_sine,19.55,43.785,-90.0,0,0
noisy_sine_005,noisy_sine,19.56667,43.785,0.0,0,0
noisy_sine_005,noisy_sine,19.58333,43.785,0.0,0,0
noisy_sine_005,noisy_sine,19.6,43.785,0.0,1,0
noisy_sine_005,noisy_sine,19.61667,42.285,-90.0,0,0
noisy_sine_005,noisy_sine,19.63333,42.285,0.0,0,0
noisy_sine_005,noisy_sine,19.65,42.285,0.0,0,0
noisy_sine_005,noisy_sine,19.66667,42.285,0.0,0,0
noisy_sine_005,noisy_sine,19.68333,42.285,0.0,0,0
noisy_sine_005,noisy_sine,19.7,42.285,0.0,0,0
noisy_sine_005,noisy_sine,19.71667,42.285,0.0,1,0
noisy_sine_005,noisy_sine,19.73333,40.785,-90.0,0,0
noisy_sine_005,noisy_sine,19.75,40.785,0.0,0,0
noisy_sine_005,noisy_sine,19.76667,40.785,0.0,0,0
noisy_sine_005,noisy_sine,19.78333,40.785,0.0,0,0
noisy_sine_005,noisy_sine,19.8,40.785,0.0,0,0
noisy_sine_005,noisy_sine,19.81667,40.785,0.0,1,0
noisy_sine_005,noisy_sine,19.83333,39.285,-90.0,0,0
noisy_sine_005,noisy_sine,19.85,39.285,0.0,0,0
noisy_sine_005,noisy_sine,19.86667,39.285,0.0,0,0
noisy_sine_005,noisy_sine,19.88333,39.285,0.0,0,0
noisy_sine_005,noisy_sine,19.9,39.285,0.0,0,0
noisy_sine_005,noisy_sine,19.91667,39.285,0.0,0,0
noisy_sine_005,noisy_sine,19.93333,39.285,0.0,0,0
noisy_sine_005,noisy_sine,19.95,39.285,0.0,0,0
noisy_sine_005,noisy_sine,19.96667,39.285,0.0,0,0
noisy_sine_005,noisy_sine,19.98333,39.285,0.0,0,0
noisy_sine_005,noisy_sine,20.0,39.285,0.0,0,1
noisy_sine_005,noisy_sine,20.01667,40.785,90.0,1,0
noisy_sine_005,noisy_sine,20.03333,39.285,-90.0,1,0
noisy_sine_005,noisy_sine,20.05,37.785,-90.0,0,0
noisy_sine_005,noisy_sine,20.06667,37.785,0.0,0,0
noisy_sine_005,noisy_sine,20.08333,37.785,0.0,0,0
noisy_sine_005,noisy_sine,20.1,37.785,0.0,0,0
noisy_sine_005,noisy_sine,20.11667,37.785,0.0,0,0
noisy_sine_005,noisy_sine,20.13333,37.785,0.0,0,0
noisy_sine_005,noisy_sine,20.15,37.785,0.0,0,0
noisy_sine_005,noisy_sine,20.16667,37.785,0.0,0,0
noisy_sine_005,noisy_sine,20.18333,37.785,0.0,0,0
noisy_sine_005,noisy_sine,20.2,37.785,0.0,0,0
noisy_sine_005,noisy_sine,20.21667,37.785,0.0,0,0
noisy_sine_005,noisy_sine,20.23333,37.785,0.0,0,0
noisy_sine_005,noisy_sine,20.25,37.785,0.0,0,0
noisy_sine_005,noisy_sine,20.26667,37.785,0.0,0,0
noisy_sine_005,noisy_sine,20.28333,37.785,0.0,0,0
noisy_sine_005,noisy_sine,20.3,37.785,0.0,0,0
noisy_sine_005,noisy_sine,20.31667,37.785,0.0,0,0
noisy_sine_005,noisy_sine,20.33333,37.785,0.0,0,0
noisy_sine_005,noisy_sine,20.35,37.785,0.0,0,0
noisy_sine_005,noisy_sine,20.36667,37.785,0.0,0,0
noisy_sine_005,noisy_sine,20.38333,37.785,0.0,0,0
noisy_sine_005,noisy_sine,20.4,37.785,0.0,1,0
noisy_sine_005,noisy_sine,20.41667,36.285,-90.0,0,0
noisy_sine_005,noisy_sine,20.43333,36.285,0.0,0,0
noisy_sine_005,noisy_sine,20.45,36.285,0.0,0,0
noisy_sine_005,noisy_sine,20.46667,36.285,0.0,0,0
noisy_sine_005,noisy_sine,20.48333,36.285,0.0,0,1
noisy_sine_005,noisy_sine,20.5,37.785,90.0,0,0
noisy_sine_005,noisy_sine,20.51667,37.785,0.0,0,0
noisy_sine_005,noisy_sine,20.53333,37.785,0.0,0,0
noisy_sine_005,noisy_sine,20.55,37.785,0.0,0,1
noisy_sine_005,noisy_sine,20.56667,39.285,90.0,0,0
noisy_sine_005,noisy_sine,20.58333,39.285,0.0,0,0
noisy_sine_005,noisy_sine,20.6,39.285,0.0,0,0
noisy_sine_005,noisy_sine,20.61667,39.285,0.0,0,1
noisy_sine_005,noisy_sine,20.63333,40.785,90.0,0,0
noisy_sine_005,noisy_sine,20.65,40.785,0.0,0,0
noisy_sine_005,noisy_sine,20.66667,40.785,0.0,0,0
noisy_sine_005,noisy_sine,20.68333,40.785,0.0,0,1
noisy_sine_005,noisy_sine,20.7,42.285,90.0,0,0
noisy_sine_005,noisy_sine,20.71667,42.285,0.0,0,0
noisy_sine_005,noisy_sine,20.73333,42.285,0.0,0,1
noisy_sine_005,noisy_sine,20.75,43.785,90.0,0,0
noisy_sine_005,noisy_sine,20.76667,43.785,0.0,0,0
noisy_sine_005,noisy_sine,20.78333,43.785,0.0,0,1
noisy_sine_005,noisy_sine,20.8,45.285,90.0,0,0
noisy_sine_005,noisy_sine,20.81667,45.285,0.0,0,0
noisy_sine_005,noisy_sine,20.83333,45.285,0.0,0,1
noisy_sine_005,noisy_sine,20.85,46.785,90.0,0,0
noisy_sine_005,noisy_sine,20.86667,46.785,0.0,0,0
noisy_sine_005,noisy_sine,20.88333,46.785,0.0,0,1
noisy_sine_005,noisy_sine,20.9,48.285,90.0,0,0
noisy_sine_005,noisy_sine,20.91667,48.285,0.0,0,0
noisy_sine_005,noisy_sine,20.93333,48.285,0.0,0,1
noisy_sine_005,noisy_sine,20.95,49.785,90.0,0,0
noisy_sine_005,noisy_sine,20.96667,49.785,0.0,0,1
noisy_sine_005,noisy_sine,20.98333,51.285,90.0,0,0
noisy_sine_005,noisy_sine,21.0,51.285,0.0,0,0
noisy_sine_005,noisy_sine,21.01667,51.285,0.0,0,1
noisy_sine_005,noisy_sine,21.03333,52.785,90.0,0,0
noisy_sine_005,noisy_sine,21.05,52.785,0.0,0,1
noisy_sine_005,noisy_sine,21.06667,54.285,90.0,0,0
noisy_sine_005,noisy_sine,21.08333,54.285,0.0,0,0
noisy_sine_005,noisy_sine,21.1,54.285,0.0,0,1
noisy_sine_005,noisy_sine,21.11667,55.785,90.0,0,0
noisy_sine_005,noisy_sine,21.13333,55.785,0.0,0,1
noisy_sine_005,noisy_sine,21.15,57.285,90.0,0,0
noisy_sine_005,noisy_sine,21.16667,57.285,0.0,0,1
noisy_sine_005,noisy_sine,21.18333,58.785,90.0,0,0
noisy_sine_005,noisy_sine,21.2,58.785,0.0,0,1
noisy_sine_005,noisy_sine,21.21667,60.285,90.0,0,0
noisy_sine_005,noisy_sine,21.23333,60.285,0.0,0,1
noisy_sine_005,noisy_sine,21.25,61.785,90.0,0,0
noisy_sine_005,noisy_sine,21.26667,61.785,0.0,0,1
noisy_sine_005,noisy_sine,21.28333,63.285,90.0,0,0
noisy_sine_005,noisy_sine,21.3,63.285,0.0,0,1
noisy_sine_005,noisy_sine,21.31667,64.785,90.0,0,0
noisy_sine_005,noisy_sine,21.33333,64.785,0.0,0,1
noisy_sine_005,noisy_sine,21.35,66.285,90.0,0,0
noisy_sine_005,noisy_sine,21.36667,66.285,0.0,0,1
noisy_sine_005,noisy_sine,21.38333,67.785,90.0,0,0
noisy_sine_005,noisy_sine,21.4,67.785,0.0,0,1
noisy_sine_005,noisy_sine,21.41667,69.285,90.0,0,0
noisy_sine_005,noisy_sine,21.43333,69.285,0.0,0,1
noisy_sine_005,noisy_sine,21.45,70.785,90.0,0,0
noisy_sine_005,noisy_sine,21.46667,70.785,0.0,0,1
noisy_sine_005,noisy_sine,21.48333,72.285,90.0,0,0
noisy_sine_005,noisy_sine,21.5,72.285,0.0,0,1
noisy_sine_005,noisy_sine,21.51667,73.785,90.0,0,0
noisy_sine_005,noisy_sine,21.53333,73.785,0.0,0,1
noisy_sine_005,noisy_sine,21.55,75.285,90.0,0,0
noisy_sine_005,noisy_sine,21.56667,75.285,0.0,0,1
noisy_sine_005,noisy_sine,21.58333,76.785,90.0,0,0
noisy_sine_005,noisy_sine,21.6,76.785,0.0,0,1
noisy_sine_005,noisy_sine,21.61667,78.285,90.0,0,1
noisy_sine_005,noisy_sine,21.63333,79.785,90.0,0,0
noisy_sine_005,noisy_sine,21.65,79.785,0.0,0,1
noisy_sine_005,noisy_sine,21.66667,81.285,90.0,0,0
noisy_sine_005,noisy_sine,21.68333,81.285,0.0,0,1
noisy_sine_005,noisy_sine,21.7,82.785,90.0,0,0
noisy_sine_005,noisy_sine,21.71667,82.785,0.0,1,0
noisy_sine_005,noisy_sine,21.73333,81.285,-90.0,0,1
noisy_sine_005,noisy_sine,21.75,82.785,90.0,0,1
noisy_sine_005,noisy_sine,21.76667,84.285,90.0,0,1
noisy_sine_005,noisy_sine,21.78333,85.785,90.0,0,1
noisy_sine_005,noisy_sine,21.8,87.285,90.0,0,1
noisy_sine_005,noisy_sine,21.81667,88.785,90.0,0,0
noisy_sine_005,noisy_sine,21.83333,88.785,0.0,0,1
noisy_sine_005,noisy_sine,21.85,90.285,90.0,0,1
noisy_sine_005,noisy_sine,21.86667,91.785,90.0,0,0
noisy_sine_005,noisy_sine,21.88333,91.785,0.0,0,1
noisy_sine_005,noisy_sine,21.9,93.285,90.0,0,0
noisy_sine_005,noisy_sine,21.91667,93.285,0.0,0,1
noisy_sine_005,noisy_sine,21.93333,94.785,90.0,0,0
noisy_sine_005,noisy_sine,21.95,94.785,0.0,0,1
noisy_sine_005,noisy_sine,21.96667,96.285,90.0,0,1
noisy_sine_005,noisy_sine,21.98333,97.785,90.0,0,0
noisy_sine_005,noisy_sine,22.0,97.785,0.0,0,1
noisy_sine_005,noisy_sine,22.01667,99.285,90.0,0,0
noisy_sine_005,noisy_sine,22.03333,99.285,0.0,0,1
noisy_sine_005,noisy_sine,22.05,100.785,90.0,0,0
noisy_sine_005,noisy_sine,22.06667,100.785,0.0,0,1
noisy_sine_005,noisy_sine,22.08333,102.285,90.0,0,1
noisy_sine_005,noisy_sine,22.1,103.785,90.0,0,0
noisy_sine_005,noisy_sine,22.11667,103.785,0.0,0,1
noisy_sine_005,noisy_sine,22.13333,105.285,90.0,0,0
noisy_sine_005,noisy_sine,22.15,105.285,0.0,0,1
noisy_sine_005,noisy_sine,22.16667,106.785,90.0,0,1
noisy_sine_005,noisy_sine,22.18333,108.285,90.0,0,0
noisy_sine_005,noisy_sine,22.2,108.285,0.0,0,1
noisy_sine_005,noisy_sine,22.21667,109.785,90.0,0,0
noisy_sine_005,noisy_sine,22.23333,109.785,0.0,0,0
noisy_sine_005,noisy_sine,22.25,109.785,0.0,0,1
noisy_sine_005,noisy_sine,22.26667,111.285,90.0,0,1
noisy_sine_005,noisy_sine,22.28333,112.785,90.0,0,1
noisy_sine_005,noisy_sine,22.3,114.285,90.0,0,0
noisy_sine_005,noisy_sine,22.31667,114.285,0.0,0,1
noisy_sine_005,noisy_sine,22.33333,115.785,90.0,0,0
noisy_sine_005,noisy_sine,22.35,115.785,0.0,0,1
noisy_sine_005,noisy_sine,22.36667,117.285,90.0,0,0
noisy_sine_005,noisy_sine,22.38333,117.285,0.0,0,1
noisy_sine_005,noisy_sine,22.4,118.785,90.0,0,0
noisy_sine_005,noisy_sine,22.41667,118.785,0.0,0,1
noisy_sine_005,noisy_sine,22.43333,120.285,90.0,0,1
noisy_sine_005,noisy_sine,22.45,121.785,90.0,0,0
noisy_sine_005,noisy_sine,22.46667,121.785,0.0,0,1
noisy_sine_005,noisy_sine,22.48333,123.285,90.0,0,0
noisy_sine_005,noisy_sine,22.5,123.285,0.0,0,1
noisy_sine_005,noisy_sine,22.51667,124.785,90.0,0,0
noisy_sine_005,noisy_sine,22.53333,124.785,0.0,0,1
noisy_sine_005,noisy_sine,22.55,126.285,90.0,0,0
noisy_sine_005,noisy_sine,22.56667,126.285,0.0,0,1
noisy_sine_005,noisy_sine,22.58333,127.785,90.0,0,0
noisy_sine_005,noisy_sine,22.6,127.785,0.0,0,1
noisy_sine_005,noisy_sine,22.61667,129.285,90.0,0,0
noisy_sine_005,noisy_sine,22.63333,129.285,0.0,0,1
noisy_sine_005,noisy_sine,22.65,130.785,90.0,0,0
noisy_sine_005,noisy_sine,22.66667,130.785,0.0,0,1
noisy_sine_005,noisy_sine,22.68333,132.285,90.0,0,0
noisy_sine_005,noisy_sine,22.7,132.285,0.0,0,1
noisy_sine_005,noisy_sine,22.71667,133.785,90.0,0,0
noisy_sine_005,noisy_sine,22.73333,133.785,0.0,0,1
noisy_sine_005,noisy_sine,22.75,135.285,90.0,0,0
noisy_sine_005,noisy_sine,22.76667,135.285,0.0,0,1
noisy_sine_005,noisy_sine,22.78333,136.785,90.0,0,0
noisy_sine_005,noisy_sine,22.8,136.785,0.0,0,1
noisy_sine_005,noisy_sine,22.81667,138.285,90.0,0,0
noisy_sine_005,noisy_sine,22.83333,138.285,0.0,0,1
noisy_sine_005,noisy_sine,22.85,139.785,90.0,0,0
noisy_sine_005,noisy_sine,22.86667,139.785,0.0,0,1
noisy_sine_005,noisy_sine,22.88333,141.285,90.0,0,0
noisy_sine_005,noisy_sine,22.9,141.285,0.0,0,1
noisy_sine_005,noisy_sine,22.91667,142.785,90.0,0,0
noisy_sine_005,noisy_sine,22.93333,142.785,0.0,0,0
noisy_sine_005,noisy_sine,22.95,142.785,0.0,1,0
noisy_sine_005,noisy_sine,22.96667,141.285,-90.0,0,1
noisy_sine_005,noisy_sine,22.98333,142.785,90.0,0,1
noisy_sine_005,noisy_sine,23.0,144.285,90.0,0,1
noisy_sine_005,noisy_sine,23.01667,145.785,90.0,1,0
noisy_sine_005,noisy_sine,23.03333,144.285,-90.0,0,1
noisy_sine_005,noisy_sine,23.05,145.785,90.0,0,1
noisy_sine_005,noisy_sine,23.06667,147.285,90.0,0,1
noisy_sine_005,noisy_sine,23.08333,148.785,90.0,0,0
noisy_sine_005,noisy_sine,23.1,148.785,0.0,0,0
noisy_sine_005,noisy_sine,23.11667,148.785,0.0,0,1
noisy_sine_005,noisy_sine,23.13333,150.285,90.0,0,0
noisy_sine_005,noisy_sine,23.15,150.285,0.0,0,0
noisy_sine_005,noisy_sine,23.16667,150.285,0.0,0,1
noisy_sine_005,noisy_sine,23.18333,151.785,90.0,0,0
noisy_sine_005,noisy_sine,23.2,151.785,0.0,0,1
noisy_sine_005,noisy_sine,23.21667,153.285,90.0,0,0
noisy_sine_005,noisy_sine,23.23333,153.285,0.0,0,0
noisy_sine_005,noisy_sine,23.25,153.285,0.0,0,0
noisy_sine_005,noisy_sine,23.26667,153.285,0.0,0,1
noisy_sine_005,noisy_sine,23.28333,154.785,90.0,0,0
noisy_sine_005,noisy_sine,23.3,154.785,0.0,0,0
noisy_sine_005,noisy_sine,23.31667,154.785,0.0,0,1
noisy_sine_005,noisy_sine,23.33333,156.285,90.0,0,0
noisy_sine_005,noisy_sine,23.35,156.285,0.0,0,0
noisy_sine_005,noisy_sine,23.36667,156.285,0.0,0,1
noisy_sine_005,noisy_sine,23.38333,157.785,90.0,0,0
noisy_sine_005,noisy_sine,23.4,157.785,0.0,0,0
noisy_sine_005,noisy_sine,23.41667,157.785,0.0,0,0
noisy_sine_005,noisy_sine,23.43333,157.785,0.0,0,1
noisy_sine_005,noisy_sine,23.45,159.285,90.0,0,0
noisy_sine_005,noisy_sine,23.46667,159.285,0.0,0,0
noisy_sine_005,noisy_sine,23.48333,159.285,0.0,0,0
noisy_sine_005,noisy_sine,23.5,159.285,0.0,0,0
noisy_sine_005,noisy_sine,23.51667,159.285,0.0,0,1
noisy_sine_005,noisy_sine,23.53333,160.785,90.0,1,0
noisy_sine_005,noisy_sine,23.55,159.285,-90.0,0,1
noisy_sine_005,noisy_sine,23.56667,160.785,90.0,0,0
noisy_sine_005,noisy_sine,23.58333,160.785,0.0,0,0
noisy_sine_005,noisy_sine,23.6,160.785,0.0,0,1
noisy_sine_005,noisy_sine,23.61667,162.285,90.0,0,0
noisy_sine_005,noisy_sine,23.63333,162.285,0.0,0,0
noisy_sine_005,noisy_sine,23.65,162.285,0.0,0,0
noisy_sine_005,noisy_sine,23.66667,162.285,0.0,0,0
noisy_sine_005,noisy_sine,23.68333,162.285,0.0,0,0
noisy_sine_005,noisy_sine,23.7,162.285,0.0,0,0
noisy_sine_005,noisy_sine,23.71667,162.285,0.0,0,1
noisy_sine_005,noisy_sine,23.73333,163.785,90.0,0,0
noisy_sine_005,noisy_sine,23.75,163.785,0.0,0,0
noisy_sine_005,noisy_sine,23.76667,163.785,0.0,0,0
noisy_sine_005,noisy_sine,23.78333,163.785,0.0,0,0
noisy_sine_005,noisy_sine,23.8,163.785,0.0,0,0
noisy_sine_005,noisy_sine,23.81667,163.785,0.0,0,0
noisy_sine_005,noisy_sine,23.83333,163.785,0.0,0,0
noisy_sine_005,noisy_sine,23.85,163.785,0.0,0,0
noisy_sine_005,noisy_sine,23.86667,163.785,0.0,0,0
noisy_sine_005,noisy_sine,23.88333,163.785,0.0,0,0
noisy_sine_005,noisy_sine,23.9,163.785,0.0,0,0
noisy_sine_005,noisy_sine,23.91667,163.785,0.0,0,0
noisy_sine_005,noisy_sine,23.93333,163.785,0.0,0,0
noisy_sine_005,noisy_sine,23.95,163.785,0.0,0,1
noisy_sine_005,noisy_sine,23.96667,165.285,90.0,0,0
noisy_sine_005,noisy_sine,23.98333,165.285,0.0,0,0
noisy_sine_005,noisy_sine,24.0,165.285,0.0,0,0
noisy_sine_005,noisy_sine,24.01667,165.285,0.0,0,0
noisy_sine_005,noisy_sine,24.03333,165.285,0.0,0,0
noisy_sine_005,noisy_sine,24.05,165.285,0.0,0,0
noisy_sine_005,noisy_sine,24.06667,165.285,0.0,0,0
noisy_sine_005,noisy_sine,24.08333,165.285,0.0,0,0
noisy_sine_005,noisy_sine,24.1,165.285,0.0,0,0
noisy_sine_005,noisy_sine,24.11667,165.285,0.0,0,0
noisy_sine_005,noisy_sine,24.13333,165.285,0.0,0,0
noisy_sine_005,noisy_sine,24.15,165.285,0.0,0,0
noisy_sine_005,noisy_sine,24.16667,165.285,0.0,0,0
noisy_sine_005,noisy_sine,24.18333,165.285,0.0,0,0
noisy_sine_005,noisy_sine,24.2,165.285,0.0,0,0
noisy_sine_005,noisy_sine,24.21667,165.285,0.0,0,0
noisy_sine_005,noisy_sine,24.23333,165.285,0.0,0,0
noisy_sine_005,noisy_sine,24.25,165.285,0.0,0,0
noisy_sine_005,noisy_sine,24.26667,165.285,0.0,0,0
noisy_sine_005,noisy_sine,24.28333,165.285,0.0,0,0
noisy_sine_005,noisy_sine,24.3,165.285,0.0,0,0
noisy_sine_005,noisy_sine,24.31667,165.285,0.0,0,0
noisy_sine_005,noisy_sine,24.33333,165.285,0.0,0,0
noisy_sine_005,noisy_sine,24.35,165.285,0.0,0,0
noisy_sine_005,noisy_sine,24.36667,165.285,0.0,0,0
noisy_sine_005,noisy_sine,24.38333,165.285,0.0,0,0
noisy_sine_005,noisy_sine,24.4,165.285,0.0,0,0
noisy_sine_005,noisy_sine,24.41667,165.285,0.0,0,0
noisy_sine_005,noisy_sine,24.43333,165.285,0.0,0,0
noisy_sine_005,noisy_sine,24.45,165.285,0.0,0,0
noisy_sine_005,noisy_sine,24.46667,165.285,0.0,0,0
noisy_sine_005,noisy_sine,24.48333,165.285,0.0,0,0
noisy_sine_005,noisy_sine,24.5,165.285,0.0,0,0
noisy_sine_005,noisy_sine,24.51667,165.285,0.0,0,0
noisy_sine_005,noisy_sine,24.53333,165.285,0.0,1,0
noisy_sine_005,noisy_sine,24.55,163.785,-90.0,0,0
noisy_sine_005,noisy_sine,24.56667,163.785,0.0,0,0
noisy_sine_005,noisy_sine,24.58333,163.785,0.0,0,0
noisy_sine_005,noisy_sine,24.6,163.785,0.0,1,0
noisy_sine_005,noisy_sine,24.61667,162.285,-90.0,0,0
noisy_sine_005,noisy_sine,24.63333,162.285,0.0,0,0
noisy_sine_005,noisy_sine,24.65,162.285,0.0,0,0
noisy_sine_005,noisy_sine,24.66667,162.285,0.0,1,0
noisy_sine_005,noisy_sine,24.68333,160.785,-90.0,0,0
noisy_sine_005,noisy_sine,24.7,160.785,0.0,0,0
noisy_sine_005,noisy_sine,24.71667,160.785,0.0,1,0
noisy_sine_005,noisy_sine,24.73333,159.285,-90.0,0,0
noisy_sine_005,noisy_sine,24.75,159.285,0.0,0,0
noisy_sine_005,noisy_sine,24.76667,159.285,0.0,1,0
noisy_sine_005,noisy_sine,24.78333,157.785,-90.0,0,0
noisy_sine_005,noisy_sine,24.8,157.785,0.0,0,0
noisy_sine_005,noisy_sine,24.81667,157.785,0.0,1,0
noisy_sine_005,noisy_sine,24.83333,156.285,-90.0,0,0
noisy_sine_005,noisy_sine,24.85,156.285,0.0,1,0
noisy_sine_005,noisy_sine,24.86667,154.785,-90.0,0,0
noisy_sine_005,noisy_sine,24.88333,154.785,0.0,0,0
noisy_sine_005,noisy_sine,24.9,154.785,0.0,1,0
noisy_sine_005,noisy_sine,24.91667,153.285,-90.0,0,0
noisy_sine_005,noisy_sine,24.93333,153.285,0.0,0,0
noisy_sine_005,noisy_sine,24.95,153.285,0.0,1,0
noisy_sine_005,noisy_sine,24.96667,151.785,-90.0,0,0
noisy_sine_005,noisy_sine,24.98333,151.785,0.0,1,0
noisy_sine_005,noisy_sine,25.0,150.285,-90.0,0,0
noisy_sine_005,noisy_sine,25.01667,150.285,0.0,1,0
noisy_sine_005,noisy_sine,25.03333,148.785,-90.0,0,0
noisy_sine_005,noisy_sine,25.05,148.785,0.0,0,1
noisy_sine_005,noisy_sine,25.06667,150.285,90.0,1,0
noisy_sine_005,noisy_sine,25.08333,148.785,-90.0,1,0
noisy_sine_005,noisy_sine,25.1,147.285,-90.0,1,0
noisy_sine_005,noisy_sine,25.11667,145.785,-90.0,0,0
noisy_sine_005,noisy_sine,25.13333,145.785,0.0,1,0
noisy_sine_005,noisy_sine,25.15,144.285,-90.0,0,0
noisy_sine_005,noisy_sine,25.16667,144.285,0.0,1,0
noisy_sine_005,noisy_sine,25.18333,142.785,-90.0,0,0
noisy_sine_005,noisy_sine,25.2,142.785,0.0,1,0
noisy_sine_005,noisy_sine,25.21667,141.285,-90.0,0,0
noisy_sine_005,noisy_sine,25.23333,141.285,0.0,1,0
noisy_sine_005,noisy_sine,25.25,139.785,-90.0,0,0
noisy_sine_005,noisy_sine,25.26667,139.785,0.0,1,0
noisy_sine_005,noisy_sine,25.28333,138.285,-90.0,0,0
noisy_sine_005,noisy_sine,25.3,138.285,0.0,1,0
noisy_sine_005,noisy_sine,25.31667,136.785,-90.0,0,0
noisy_sine_005,noisy_sine,25.33333,136.785,0.0,1,0
noisy_sine_005,noisy_sine,25.35,135.285,-90.0,0,0
noisy_sine_005,noisy_sine,25.36667,135.285,0.0,1,0
noisy_sine_005,noisy_sine,25.38333,133.785,-90.0,1,0
noisy_sine_005,noisy_sine,25.4,132.285,-90.0,0,0
